action,left_source_id,right_source_id,canonical_station_id,reason,verified_by,verified_at
REVIEW,AR-A1-A01,GX-A-X106,,"잠정 병합(역명 일치 ""서울"", 지역 SEOUL_METRO) — 좌표 정보가 한쪽 또는 양쪽에 없고 공식 환승 관계도 확인되지 않음 — 수동 검수 필요",,
REVIEW,AR-A1-A01,KR-K4-P313,,"잠정 병합(역명 일치 ""서울"", 지역 SEOUL_METRO) — 좌표 정보가 한쪽 또는 양쪽에 없고 공식 환승 관계도 확인되지 않음 — 수동 검수 필요",,
REVIEW,AR-A1-A01,S1-1-133,,"잠정 병합(역명 일치 ""서울"", 지역 SEOUL_METRO) — 좌표 정보가 한쪽 또는 양쪽에 없고 공식 환승 관계도 확인되지 않음 — 수동 검수 필요",,
REVIEW,AR-A1-A01,S1-4-426,,"잠정 병합(역명 일치 ""서울"", 지역 SEOUL_METRO) — 좌표 정보가 한쪽 또는 양쪽에 없고 공식 환승 관계도 확인되지 않음 — 수동 검수 필요",,
REVIEW,GX-A-X106,KR-K4-P313,,"잠정 병합(역명 일치 ""서울"", 지역 SEOUL_METRO) — 좌표 정보가 한쪽 또는 양쪽에 없고 공식 환승 관계도 확인되지 않음 — 수동 검수 필요",,
REVIEW,GX-A-X106,S1-1-133,,"잠정 병합(역명 일치 ""서울"", 지역 SEOUL_METRO) — 좌표 정보가 한쪽 또는 양쪽에 없고 공식 환승 관계도 확인되지 않음 — 수동 검수 필요",,
REVIEW,GX-A-X106,S1-4-426,,"잠정 병합(역명 일치 ""서울"", 지역 SEOUL_METRO) — 좌표 정보가 한쪽 또는 양쪽에 없고 공식 환승 관계도 확인되지 않음 — 수동 검수 필요",,
REVIEW,KR-K4-P313,S1-1-133,,"잠정 병합(역명 일치 ""서울"", 지역 SEOUL_METRO) — 좌표 정보가 한쪽 또는 양쪽에 없고 공식 환승 관계도 확인되지 않음 — 수동 검수 필요",,
REVIEW,KR-K4-P313,S1-4-426,,"잠정 병합(역명 일치 ""서울"", 지역 SEOUL_METRO) — 좌표 정보가 한쪽 또는 양쪽에 없고 공식 환승 관계도 확인되지 않음 — 수동 검수 필요",,
REVIEW,S1-1-133,S1-4-426,,"잠정 병합(역명 일치 ""서울"", 지역 SEOUL_METRO) — 좌표 정보가 한쪽 또는 양쪽에 없고 공식 환승 관계도 확인되지 않음 — 수동 검수 필요",,
REVIEW,GL-경부선-KTX-S043,GL-호남선-KTX-S043,,"잠정 병합(역명 일치 ""서울"", 지역 KTX) — 좌표 정보가 한쪽 또는 양쪽에 없고 공식 환승 관계도 확인되지 않음 — 수동 검수 필요",,
REVIEW,GL-경부선-KTX-S043,GL-전라선-KTX-S043,,"잠정 병합(역명 일치 ""서울"", 지역 KTX) — 좌표 정보가 한쪽 또는 양쪽에 없고 공식 환승 관계도 확인되지 않음 — 수동 검수 필요",,
REVIEW,GL-경부선-KTX-S043,GL-강릉선-KTX-S043,,"잠정 병합(역명 일치 ""서울"", 지역 KTX) — 좌표 정보가 한쪽 또는 양쪽에 없고 공식 환승 관계도 확인되지 않음 — 수동 검수 필요",,
REVIEW,GL-경부선-KTX-S043,GL-중앙선-KTX-S043,,"잠정 병합(역명 일치 ""서울"", 지역 KTX) — 좌표 정보가 한쪽 또는 양쪽에 없고 공식 환승 관계도 확인되지 않음 — 수동 검수 필요",,
REVIEW,GL-경부선-KTX-S043,GL-동해선-KTX-S043,,"잠정 병합(역명 일치 ""서울"", 지역 KTX) — 좌표 정보가 한쪽 또는 양쪽에 없고 공식 환승 관계도 확인되지 않음 — 수동 검수 필요",,
REVIEW,GL-경부선-KTX-S043,GL-경전선-KTX-S043,,"잠정 병합(역명 일치 ""서울"", 지역 KTX) — 좌표 정보가 한쪽 또는 양쪽에 없고 공식 환승 관계도 확인되지 않음 — 수동 검수 필요",,
REVIEW,GL-호남선-KTX-S043,GL-전라선-KTX-S043,,"잠정 병합(역명 일치 ""서울"", 지역 KTX) — 좌표 정보가 한쪽 또는 양쪽에 없고 공식 환승 관계도 확인되지 않음 — 수동 검수 필요",,
REVIEW,GL-호남선-KTX-S043,GL-강릉선-KTX-S043,,"잠정 병합(역명 일치 ""서울"", 지역 KTX) — 좌표 정보가 한쪽 또는 양쪽에 없고 공식 환승 관계도 확인되지 않음 — 수동 검수 필요",,
REVIEW,GL-호남선-KTX-S043,GL-중앙선-KTX-S043,,"잠정 병합(역명 일치 ""서울"", 지역 KTX) — 좌표 정보가 한쪽 또는 양쪽에 없고 공식 환승 관계도 확인되지 않음 — 수동 검수 필요",,
REVIEW,GL-호남선-KTX-S043,GL-동해선-KTX-S043,,"잠정 병합(역명 일치 ""서울"", 지역 KTX) — 좌표 정보가 한쪽 또는 양쪽에 없고 공식 환승 관계도 확인되지 않음 — 수동 검수 필요",,
REVIEW,GL-호남선-KTX-S043,GL-경전선-KTX-S043,,"잠정 병합(역명 일치 ""서울"", 지역 KTX) — 좌표 정보가 한쪽 또는 양쪽에 없고 공식 환승 관계도 확인되지 않음 — 수동 검수 필요",,
REVIEW,GL-전라선-KTX-S043,GL-강릉선-KTX-S043,,"잠정 병합(역명 일치 ""서울"", 지역 KTX) — 좌표 정보가 한쪽 또는 양쪽에 없고 공식 환승 관계도 확인되지 않음 — 수동 검수 필요",,
REVIEW,GL-전라선-KTX-S043,GL-중앙선-KTX-S043,,"잠정 병합(역명 일치 ""서울"", 지역 KTX) — 좌표 정보가 한쪽 또는 양쪽에 없고 공식 환승 관계도 확인되지 않음 — 수동 검수 필요",,
REVIEW,GL-전라선-KTX-S043,GL-동해선-KTX-S043,,"잠정 병합(역명 일치 ""서울"", 지역 KTX) — 좌표 정보가 한쪽 또는 양쪽에 없고 공식 환승 관계도 확인되지 않음 — 수동 검수 필요",,
REVIEW,GL-전라선-KTX-S043,GL-경전선-KTX-S043,,"잠정 병합(역명 일치 ""서울"", 지역 KTX) — 좌표 정보가 한쪽 또는 양쪽에 없고 공식 환승 관계도 확인되지 않음 — 수동 검수 필요",,
REVIEW,GL-강릉선-KTX-S043,GL-중앙선-KTX-S043,,"잠정 병합(역명 일치 ""서울"", 지역 KTX) — 좌표 정보가 한쪽 또는 양쪽에 없고 공식 환승 관계도 확인되지 않음 — 수동 검수 필요",,
REVIEW,GL-강릉선-KTX-S043,GL-동해선-KTX-S043,,"잠정 병합(역명 일치 ""서울"", 지역 KTX) — 좌표 정보가 한쪽 또는 양쪽에 없고 공식 환승 관계도 확인되지 않음 — 수동 검수 필요",,
REVIEW,GL-강릉선-KTX-S043,GL-경전선-KTX-S043,,"잠정 병합(역명 일치 ""서울"", 지역 KTX) — 좌표 정보가 한쪽 또는 양쪽에 없고 공식 환승 관계도 확인되지 않음 — 수동 검수 필요",,
REVIEW,GL-중앙선-KTX-S043,GL-동해선-KTX-S043,,"잠정 병합(역명 일치 ""서울"", 지역 KTX) — 좌표 정보가 한쪽 또는 양쪽에 없고 공식 환승 관계도 확인되지 않음 — 수동 검수 필요",,
REVIEW,GL-중앙선-KTX-S043,GL-경전선-KTX-S043,,"잠정 병합(역명 일치 ""서울"", 지역 KTX) — 좌표 정보가 한쪽 또는 양쪽에 없고 공식 환승 관계도 확인되지 않음 — 수동 검수 필요",,
REVIEW,GL-동해선-KTX-S043,GL-경전선-KTX-S043,,"잠정 병합(역명 일치 ""서울"", 지역 KTX) — 좌표 정보가 한쪽 또는 양쪽에 없고 공식 환승 관계도 확인되지 않음 — 수동 검수 필요",,
REVIEW,MG-MG03-S077,MG-MG20-S077,,"잠정 병합(역명 일치 ""서울"", 지역 MUGUNGHWA) — 좌표 정보가 한쪽 또는 양쪽에 없고 공식 환승 관계도 확인되지 않음 — 수동 검수 필요",,
REVIEW,MG-MG03-S077,ITX-IS01-S077,,"잠정 병합(역명 일치 ""서울"", 지역 MUGUNGHWA) — 좌표 정보가 한쪽 또는 양쪽에 없고 공식 환승 관계도 확인되지 않음 — 수동 검수 필요",,
REVIEW,MG-MG03-S077,ITX-IS02-S077,,"잠정 병합(역명 일치 ""서울"", 지역 MUGUNGHWA) — 좌표 정보가 한쪽 또는 양쪽에 없고 공식 환승 관계도 확인되지 않음 — 수동 검수 필요",,
REVIEW,MG-MG20-S077,ITX-IS01-S077,,"잠정 병합(역명 일치 ""서울"", 지역 MUGUNGHWA) — 좌표 정보가 한쪽 또는 양쪽에 없고 공식 환승 관계도 확인되지 않음 — 수동 검수 필요",,
REVIEW,MG-MG20-S077,ITX-IS02-S077,,"잠정 병합(역명 일치 ""서울"", 지역 MUGUNGHWA) — 좌표 정보가 한쪽 또는 양쪽에 없고 공식 환승 관계도 확인되지 않음 — 수동 검수 필요",,
REVIEW,ITX-IS01-S077,ITX-IS02-S077,,"잠정 병합(역명 일치 ""서울"", 지역 MUGUNGHWA) — 좌표 정보가 한쪽 또는 양쪽에 없고 공식 환승 관계도 확인되지 않음 — 수동 검수 필요",,
REVIEW,AR-A1-A02,KR-K4-K312,,"잠정 병합(역명 일치 ""공덕"", 지역 SEOUL_METRO) — 좌표 정보가 한쪽 또는 양쪽에 없고 공식 환승 관계도 확인되지 않음 — 수동 검수 필요",,
REVIEW,AR-A1-A02,S1-5-529,,"잠정 병합(역명 일치 ""공덕"", 지역 SEOUL_METRO) — 좌표 정보가 한쪽 또는 양쪽에 없고 공식 환승 관계도 확인되지 않음 — 수동 검수 필요",,
REVIEW,AR-A1-A02,S1-6-2627,,"잠정 병합(역명 일치 ""공덕"", 지역 SEOUL_METRO) — 좌표 정보가 한쪽 또는 양쪽에 없고 공식 환승 관계도 확인되지 않음 — 수동 검수 필요",,
REVIEW,KR-K4-K312,S1-5-529,,"잠정 병합(역명 일치 ""공덕"", 지역 SEOUL_METRO) — 좌표 정보가 한쪽 또는 양쪽에 없고 공식 환승 관계도 확인되지 않음 — 수동 검수 필요",,
REVIEW,KR-K4-K312,S1-6-2627,,"잠정 병합(역명 일치 ""공덕"", 지역 SEOUL_METRO) — 좌표 정보가 한쪽 또는 양쪽에 없고 공식 환승 관계도 확인되지 않음 — 수동 검수 필요",,
REVIEW,S1-5-529,S1-6-2627,,"잠정 병합(역명 일치 ""공덕"", 지역 SEOUL_METRO) — 좌표 정보가 한쪽 또는 양쪽에 없고 공식 환승 관계도 확인되지 않음 — 수동 검수 필요",,
REVIEW,AR-A1-A03,KR-K4-K314,,"잠정 병합(역명 일치 ""홍대입구"", 지역 SEOUL_METRO) — 좌표 정보가 한쪽 또는 양쪽에 없고 공식 환승 관계도 확인되지 않음 — 수동 검수 필요",,
REVIEW,AR-A1-A03,S1-2-239,,"잠정 병합(역명 일치 ""홍대입구"", 지역 SEOUL_METRO) — 좌표 정보가 한쪽 또는 양쪽에 없고 공식 환승 관계도 확인되지 않음 — 수동 검수 필요",,
REVIEW,KR-K4-K314,S1-2-239,,"잠정 병합(역명 일치 ""홍대입구"", 지역 SEOUL_METRO) — 좌표 정보가 한쪽 또는 양쪽에 없고 공식 환승 관계도 확인되지 않음 — 수동 검수 필요",,
REVIEW,AR-A1-A04,KR-K4-K316,,"잠정 병합(역명 일치 ""디지털미디어시티"", 지역 SEOUL_METRO) — 좌표 정보가 한쪽 또는 양쪽에 없고 공식 환승 관계도 확인되지 않음 — 수동 검수 필요",,
REVIEW,AR-A1-A04,S1-6-2619,,"잠정 병합(역명 일치 ""디지털미디어시티"", 지역 SEOUL_METRO) — 좌표 정보가 한쪽 또는 양쪽에 없고 공식 환승 관계도 확인되지 않음 — 수동 검수 필요",,
REVIEW,KR-K4-K316,S1-6-2619,,"잠정 병합(역명 일치 ""디지털미디어시티"", 지역 SEOUL_METRO) — 좌표 정보가 한쪽 또는 양쪽에 없고 공식 환승 관계도 확인되지 않음 — 수동 검수 필요",,
REVIEW,AR-A1-A042,S9-9-0905,,"잠정 병합(역명 일치 ""마곡나루"", 지역 SEOUL_METRO) — 좌표 정보가 한쪽 또는 양쪽에 없고 공식 환승 관계도 확인되지 않음 — 수동 검수 필요",,
REVIEW,AR-A1-A05,GM-G1-G109,,"잠정 병합(역명 일치 ""김포공항"", 지역 SEOUL_METRO) — 좌표 정보가 한쪽 또는 양쪽에 없고 공식 환승 관계도 확인되지 않음 — 수동 검수 필요",,
REVIEW,AR-A1-A05,KR-WS-S13,,"잠정 병합(역명 일치 ""김포공항"", 지역 SEOUL_METRO) — 좌표 정보가 한쪽 또는 양쪽에 없고 공식 환승 관계도 확인되지 않음 — 수동 검수 필요",,
REVIEW,AR-A1-A05,S1-5-512,,"잠정 병합(역명 일치 ""김포공항"", 지역 SEOUL_METRO) — 좌표 정보가 한쪽 또는 양쪽에 없고 공식 환승 관계도 확인되지 않음 — 수동 검수 필요",,
REVIEW,AR-A1-A05,S9-9-0902,,"잠정 병합(역명 일치 ""김포공항"", 지역 SEOUL_METRO) — 좌표 정보가 한쪽 또는 양쪽에 없고 공식 환승 관계도 확인되지 않음 — 수동 검수 필요",,
REVIEW,GM-G1-G109,KR-WS-S13,,"잠정 병합(역명 일치 ""김포공항"", 지역 SEOUL_METRO) — 좌표 정보가 한쪽 또는 양쪽에 없고 공식 환승 관계도 확인되지 않음 — 수동 검수 필요",,
REVIEW,GM-G1-G109,S1-5-512,,"잠정 병합(역명 일치 ""김포공항"", 지역 SEOUL_METRO) — 좌표 정보가 한쪽 또는 양쪽에 없고 공식 환승 관계도 확인되지 않음 — 수동 검수 필요",,
REVIEW,GM-G1-G109,S9-9-0902,,"잠정 병합(역명 일치 ""김포공항"", 지역 SEOUL_METRO) — 좌표 정보가 한쪽 또는 양쪽에 없고 공식 환승 관계도 확인되지 않음 — 수동 검수 필요",,
REVIEW,KR-WS-S13,S1-5-512,,"잠정 병합(역명 일치 ""김포공항"", 지역 SEOUL_METRO) — 좌표 정보가 한쪽 또는 양쪽에 없고 공식 환승 관계도 확인되지 않음 — 수동 검수 필요",,
REVIEW,KR-WS-S13,S9-9-0902,,"잠정 병합(역명 일치 ""김포공항"", 지역 SEOUL_METRO) — 좌표 정보가 한쪽 또는 양쪽에 없고 공식 환승 관계도 확인되지 않음 — 수동 검수 필요",,
REVIEW,S1-5-512,S9-9-0902,,"잠정 병합(역명 일치 ""김포공항"", 지역 SEOUL_METRO) — 좌표 정보가 한쪽 또는 양쪽에 없고 공식 환승 관계도 확인되지 않음 — 수동 검수 필요",,
REVIEW,AR-A1-A06,IC-I1-110,,"잠정 병합(역명 일치 ""계양"", 지역 SEOUL_METRO) — 좌표 정보가 한쪽 또는 양쪽에 없고 공식 환승 관계도 확인되지 않음 — 수동 검수 필요",,
REVIEW,AR-A1-A07,IC-I2-207,,"잠정 병합(역명 일치 ""검암"", 지역 SEOUL_METRO) — 좌표 정보가 한쪽 또는 양쪽에 없고 공식 환승 관계도 확인되지 않음 — 수동 검수 필요",,
REVIEW,DX-D1-D05,S1-7-732,,"잠정 병합(역명 일치 ""논현"", 지역 SEOUL_METRO) — 좌표 정보가 한쪽 또는 양쪽에 없고 공식 환승 관계도 확인되지 않음 — 수동 검수 필요",,
REVIEW,DX-D1-D06,S9-9-0925,,"잠정 병합(역명 일치 ""신논현"", 지역 SEOUL_METRO) — 좌표 정보가 한쪽 또는 양쪽에 없고 공식 환승 관계도 확인되지 않음 — 수동 검수 필요",,
REVIEW,DX-D1-D07,S1-2-222,,"잠정 병합(역명 일치 ""강남"", 지역 SEOUL_METRO) — 좌표 정보가 한쪽 또는 양쪽에 없고 공식 환승 관계도 확인되지 않음 — 수동 검수 필요",,
REVIEW,DX-D1-D08,S1-3-342,,"잠정 병합(역명 일치 ""양재"", 지역 SEOUL_METRO) — 좌표 정보가 한쪽 또는 양쪽에 없고 공식 환승 관계도 확인되지 않음 — 수동 검수 필요",,
REVIEW,DX-D1-D11,KR-K5-K409,,"잠정 병합(역명 일치 ""판교"", 지역 SEOUL_METRO) — 좌표 정보가 한쪽 또는 양쪽에 없고 공식 환승 관계도 확인되지 않음 — 수동 검수 필요",,
REVIEW,DX-D1-D12,KR-K1-K230,,"잠정 병합(역명 일치 ""정자"", 지역 SEOUL_METRO) — 좌표 정보가 한쪽 또는 양쪽에 없고 공식 환승 관계도 확인되지 않음 — 수동 검수 필요",,
REVIEW,DX-D1-D04,S1-3-337,,"잠정 병합(역명 일치 ""신사"", 지역 SEOUL_METRO) — 좌표 정보가 한쪽 또는 양쪽에 없고 공식 환승 관계도 확인되지 않음 — 수동 검수 필요",,
REVIEW,DX-D1-D13,KR-K1-K231,,"잠정 병합(역명 일치 ""미금"", 지역 SEOUL_METRO) — 좌표 정보가 한쪽 또는 양쪽에 없고 공식 환승 관계도 확인되지 않음 — 수동 검수 필요",,
REVIEW,EV-E1-Y110,KR-K1-K237,,"잠정 병합(역명 일치 ""기흥"", 지역 SEOUL_METRO) — 좌표 정보가 한쪽 또는 양쪽에 없고 공식 환승 관계도 확인되지 않음 — 수동 검수 필요",,
REVIEW,GL-경전선-KTX-S027,GL-경전선-SRT-S027,,"잠정 병합(역명 일치 ""마산"", 지역 KTX) — 좌표 정보가 한쪽 또는 양쪽에 없고 공식 환승 관계도 확인되지 않음 — 수동 검수 필요",,
REVIEW,MG-MG15-S044,MG-MG16-S044,,"잠정 병합(역명 일치 ""마산"", 지역 MUGUNGHWA) — 좌표 정보가 한쪽 또는 양쪽에 없고 공식 환승 관계도 확인되지 않음 — 수동 검수 필요",,
REVIEW,MG-MG15-S044,ITX-IS02-S044,,"잠정 병합(역명 일치 ""마산"", 지역 MUGUNGHWA) — 좌표 정보가 한쪽 또는 양쪽에 없고 공식 환승 관계도 확인되지 않음 — 수동 검수 필요",,
REVIEW,MG-MG16-S044,ITX-IS02-S044,,"잠정 병합(역명 일치 ""마산"", 지역 MUGUNGHWA) — 좌표 정보가 한쪽 또는 양쪽에 없고 공식 환승 관계도 확인되지 않음 — 수동 검수 필요",,
REVIEW,GU-8-807,KR-K4-K123,,"잠정 병합(역명 일치 ""구리"", 지역 SEOUL_METRO) — 좌표 정보가 한쪽 또는 양쪽에 없고 공식 환승 관계도 확인되지 않음 — 수동 검수 필요",,
REVIEW,GX-A-X103,KR-3-314,,"잠정 병합(역명 일치 ""대곡"", 지역 SEOUL_METRO) — 좌표 정보가 한쪽 또는 양쪽에 없고 공식 환승 관계도 확인되지 않음 — 수동 검수 필요",,
REVIEW,GX-A-X103,KR-K4-K322,,"잠정 병합(역명 일치 ""대곡"", 지역 SEOUL_METRO) — 좌표 정보가 한쪽 또는 양쪽에 없고 공식 환승 관계도 확인되지 않음 — 수동 검수 필요",,
REVIEW,GX-A-X103,KR-WS-S11,,"잠정 병합(역명 일치 ""대곡"", 지역 SEOUL_METRO) — 좌표 정보가 한쪽 또는 양쪽에 없고 공식 환승 관계도 확인되지 않음 — 수동 검수 필요",,
REVIEW,KR-3-314,KR-K4-K322,,"잠정 병합(역명 일치 ""대곡"", 지역 SEOUL_METRO) — 좌표 정보가 한쪽 또는 양쪽에 없고 공식 환승 관계도 확인되지 않음 — 수동 검수 필요",,
REVIEW,KR-3-314,KR-WS-S11,,"잠정 병합(역명 일치 ""대곡"", 지역 SEOUL_METRO) — 좌표 정보가 한쪽 또는 양쪽에 없고 공식 환승 관계도 확인되지 않음 — 수동 검수 필요",,
REVIEW,KR-K4-K322,KR-WS-S11,,"잠정 병합(역명 일치 ""대곡"", 지역 SEOUL_METRO) — 좌표 정보가 한쪽 또는 양쪽에 없고 공식 환승 관계도 확인되지 않음 — 수동 검수 필요",,
REVIEW,GX-A-X105,S1-3-321,,"잠정 병합(역명 일치 ""연신내"", 지역 SEOUL_METRO) — 좌표 정보가 한쪽 또는 양쪽에 없고 공식 환승 관계도 확인되지 않음 — 수동 검수 필요",,
REVIEW,GX-A-X105,S1-6-2615,,"잠정 병합(역명 일치 ""연신내"", 지역 SEOUL_METRO) — 좌표 정보가 한쪽 또는 양쪽에 없고 공식 환승 관계도 확인되지 않음 — 수동 검수 필요",,
REVIEW,S1-3-321,S1-6-2615,,"잠정 병합(역명 일치 ""연신내"", 지역 SEOUL_METRO) — 좌표 정보가 한쪽 또는 양쪽에 없고 공식 환승 관계도 확인되지 않음 — 수동 검수 필요",,
REVIEW,GX-A-X108,KR-K1-K221,,"잠정 병합(역명 일치 ""수서"", 지역 SEOUL_METRO) — 좌표 정보가 한쪽 또는 양쪽에 없고 공식 환승 관계도 확인되지 않음 — 수동 검수 필요",,
REVIEW,GX-A-X108,S1-3-349,,"잠정 병합(역명 일치 ""수서"", 지역 SEOUL_METRO) — 좌표 정보가 한쪽 또는 양쪽에 없고 공식 환승 관계도 확인되지 않음 — 수동 검수 필요",,
REVIEW,KR-K1-K221,S1-3-349,,"잠정 병합(역명 일치 ""수서"", 지역 SEOUL_METRO) — 좌표 정보가 한쪽 또는 양쪽에 없고 공식 환승 관계도 확인되지 않음 — 수동 검수 필요",,
REVIEW,GL-경부선-SRT-S046,GL-호남선-SRT-S046,,"잠정 병합(역명 일치 ""수서"", 지역 KTX) — 좌표 정보가 한쪽 또는 양쪽에 없고 공식 환승 관계도 확인되지 않음 — 수동 검수 필요",,
REVIEW,GL-경부선-SRT-S046,GL-전라선-SRT-S046,,"잠정 병합(역명 일치 ""수서"", 지역 KTX) — 좌표 정보가 한쪽 또는 양쪽에 없고 공식 환승 관계도 확인되지 않음 — 수동 검수 필요",,
REVIEW,GL-경부선-SRT-S046,GL-동해선-SRT-S046,,"잠정 병합(역명 일치 ""수서"", 지역 KTX) — 좌표 정보가 한쪽 또는 양쪽에 없고 공식 환승 관계도 확인되지 않음 — 수동 검수 필요",,
REVIEW,GL-경부선-SRT-S046,GL-경전선-SRT-S046,,"잠정 병합(역명 일치 ""수서"", 지역 KTX) — 좌표 정보가 한쪽 또는 양쪽에 없고 공식 환승 관계도 확인되지 않음 — 수동 검수 필요",,
REVIEW,GL-호남선-SRT-S046,GL-전라선-SRT-S046,,"잠정 병합(역명 일치 ""수서"", 지역 KTX) — 좌표 정보가 한쪽 또는 양쪽에 없고 공식 환승 관계도 확인되지 않음 — 수동 검수 필요",,
REVIEW,GL-호남선-SRT-S046,GL-동해선-SRT-S046,,"잠정 병합(역명 일치 ""수서"", 지역 KTX) — 좌표 정보가 한쪽 또는 양쪽에 없고 공식 환승 관계도 확인되지 않음 — 수동 검수 필요",,
REVIEW,GL-호남선-SRT-S046,GL-경전선-SRT-S046,,"잠정 병합(역명 일치 ""수서"", 지역 KTX) — 좌표 정보가 한쪽 또는 양쪽에 없고 공식 환승 관계도 확인되지 않음 — 수동 검수 필요",,
REVIEW,GL-전라선-SRT-S046,GL-동해선-SRT-S046,,"잠정 병합(역명 일치 ""수서"", 지역 KTX) — 좌표 정보가 한쪽 또는 양쪽에 없고 공식 환승 관계도 확인되지 않음 — 수동 검수 필요",,
REVIEW,GL-전라선-SRT-S046,GL-경전선-SRT-S046,,"잠정 병합(역명 일치 ""수서"", 지역 KTX) — 좌표 정보가 한쪽 또는 양쪽에 없고 공식 환승 관계도 확인되지 않음 — 수동 검수 필요",,
REVIEW,GL-동해선-SRT-S046,GL-경전선-SRT-S046,,"잠정 병합(역명 일치 ""수서"", 지역 KTX) — 좌표 정보가 한쪽 또는 양쪽에 없고 공식 환승 관계도 확인되지 않음 — 수동 검수 필요",,
REVIEW,GX-A-X109,KR-K5-K410,,"잠정 병합(역명 일치 ""성남"", 지역 SEOUL_METRO) — 좌표 정보가 한쪽 또는 양쪽에 없고 공식 환승 관계도 확인되지 않음 — 수동 검수 필요",,
REVIEW,GX-A-X110,KR-K1-K235,,"잠정 병합(역명 일치 ""구성"", 지역 SEOUL_METRO) — 좌표 정보가 한쪽 또는 양쪽에 없고 공식 환승 관계도 확인되지 않음 — 수동 검수 필요",,
REVIEW,GL-경부선-SRT-S024,GL-호남선-SRT-S024,,"잠정 병합(역명 일치 ""동탄"", 지역 KTX) — 좌표 정보가 한쪽 또는 양쪽에 없고 공식 환승 관계도 확인되지 않음 — 수동 검수 필요",,
REVIEW,GL-경부선-SRT-S024,GL-전라선-SRT-S024,,"잠정 병합(역명 일치 ""동탄"", 지역 KTX) — 좌표 정보가 한쪽 또는 양쪽에 없고 공식 환승 관계도 확인되지 않음 — 수동 검수 필요",,
REVIEW,GL-경부선-SRT-S024,GL-동해선-SRT-S024,,"잠정 병합(역명 일치 ""동탄"", 지역 KTX) — 좌표 정보가 한쪽 또는 양쪽에 없고 공식 환승 관계도 확인되지 않음 — 수동 검수 필요",,
REVIEW,GL-경부선-SRT-S024,GL-경전선-SRT-S024,,"잠정 병합(역명 일치 ""동탄"", 지역 KTX) — 좌표 정보가 한쪽 또는 양쪽에 없고 공식 환승 관계도 확인되지 않음 — 수동 검수 필요",,
REVIEW,GL-호남선-SRT-S024,GL-전라선-SRT-S024,,"잠정 병합(역명 일치 ""동탄"", 지역 KTX) — 좌표 정보가 한쪽 또는 양쪽에 없고 공식 환승 관계도 확인되지 않음 — 수동 검수 필요",,
REVIEW,GL-호남선-SRT-S024,GL-동해선-SRT-S024,,"잠정 병합(역명 일치 ""동탄"", 지역 KTX) — 좌표 정보가 한쪽 또는 양쪽에 없고 공식 환승 관계도 확인되지 않음 — 수동 검수 필요",,
REVIEW,GL-호남선-SRT-S024,GL-경전선-SRT-S024,,"잠정 병합(역명 일치 ""동탄"", 지역 KTX) — 좌표 정보가 한쪽 또는 양쪽에 없고 공식 환승 관계도 확인되지 않음 — 수동 검수 필요",,
REVIEW,GL-전라선-SRT-S024,GL-동해선-SRT-S024,,"잠정 병합(역명 일치 ""동탄"", 지역 KTX) — 좌표 정보가 한쪽 또는 양쪽에 없고 공식 환승 관계도 확인되지 않음 — 수동 검수 필요",,
REVIEW,GL-전라선-SRT-S024,GL-경전선-SRT-S024,,"잠정 병합(역명 일치 ""동탄"", 지역 KTX) — 좌표 정보가 한쪽 또는 양쪽에 없고 공식 환승 관계도 확인되지 않음 — 수동 검수 필요",,
REVIEW,GL-동해선-SRT-S024,GL-경전선-SRT-S024,,"잠정 병합(역명 일치 ""동탄"", 지역 KTX) — 좌표 정보가 한쪽 또는 양쪽에 없고 공식 환승 관계도 확인되지 않음 — 수동 검수 필요",,
REVIEW,IC-7-752,KR-WS-S15,,"잠정 병합(역명 일치 ""부천종합운동장"", 지역 SEOUL_METRO) — 좌표 정보가 한쪽 또는 양쪽에 없고 공식 환승 관계도 확인되지 않음 — 수동 검수 필요",,
REVIEW,MG-MG03-S072,MG-MG15-S072,,"잠정 병합(역명 일치 ""상동"", 지역 MUGUNGHWA) — 좌표 정보가 한쪽 또는 양쪽에 없고 공식 환승 관계도 확인되지 않음 — 수동 검수 필요",,
REVIEW,MG-MG03-S072,ITX-IS01-S072,,"잠정 병합(역명 일치 ""상동"", 지역 MUGUNGHWA) — 좌표 정보가 한쪽 또는 양쪽에 없고 공식 환승 관계도 확인되지 않음 — 수동 검수 필요",,
REVIEW,MG-MG15-S072,ITX-IS01-S072,,"잠정 병합(역명 일치 ""상동"", 지역 MUGUNGHWA) — 좌표 정보가 한쪽 또는 양쪽에 없고 공식 환승 관계도 확인되지 않음 — 수동 검수 필요",,
REVIEW,IC-7-759,IC-I1-118,,"잠정 병합(역명 일치 ""부평구청"", 지역 SEOUL_METRO) — 좌표 정보가 한쪽 또는 양쪽에 없고 공식 환승 관계도 확인되지 않음 — 수동 검수 필요",,
REVIEW,IC-7-761,IC-I2-213,,"잠정 병합(역명 일치 ""석남"", 지역 SEOUL_METRO) — 좌표 정보가 한쪽 또는 양쪽에 없고 공식 환승 관계도 확인되지 않음 — 수동 검수 필요",,
REVIEW,IC-I1-120,KR-1-152,,"잠정 병합(역명 일치 ""부평"", 지역 SEOUL_METRO) — 좌표 정보가 한쪽 또는 양쪽에 없고 공식 환승 관계도 확인되지 않음 — 수동 검수 필요",,
REVIEW,IC-I1-124,IC-I2-221,,"잠정 병합(역명 일치 ""인천시청"", 지역 SEOUL_METRO) — 좌표 정보가 한쪽 또는 양쪽에 없고 공식 환승 관계도 확인되지 않음 — 수동 검수 필요",,
REVIEW,IC-I1-130,KR-K1-K265,,"잠정 병합(역명 일치 ""원인재"", 지역 SEOUL_METRO) — 좌표 정보가 한쪽 또는 양쪽에 없고 공식 환승 관계도 확인되지 않음 — 수동 검수 필요",,
REVIEW,IC-I2-218,KR-1-156,,"잠정 병합(역명 일치 ""주안"", 지역 SEOUL_METRO) — 좌표 정보가 한쪽 또는 양쪽에 없고 공식 환승 관계도 확인되지 않음 — 수동 검수 필요",,
REVIEW,KR-1-111,UL-U1-0111,,"잠정 병합(역명 일치 ""회룡"", 지역 SEOUL_METRO) — 좌표 정보가 한쪽 또는 양쪽에 없고 공식 환승 관계도 확인되지 않음 — 수동 검수 필요",,
REVIEW,KR-1-113,S1-7-710,,"잠정 병합(역명 일치 ""도봉산"", 지역 SEOUL_METRO) — 좌표 정보가 한쪽 또는 양쪽에 없고 공식 환승 관계도 확인되지 않음 — 수동 검수 필요",,
REVIEW,KR-1-116,S1-4-412,,"잠정 병합(역명 일치 ""창동"", 지역 SEOUL_METRO) — 좌표 정보가 한쪽 또는 양쪽에 없고 공식 환승 관계도 확인되지 않음 — 수동 검수 필요",,
REVIEW,KR-1-119,KR-K2-119,,"잠정 병합(역명 일치 ""광운대"", 지역 SEOUL_METRO) — 좌표 정보가 한쪽 또는 양쪽에 없고 공식 환승 관계도 확인되지 않음 — 수동 검수 필요",,
REVIEW,KR-1-120,S1-6-2645,,"잠정 병합(역명 일치 ""석계"", 지역 SEOUL_METRO) — 좌표 정보가 한쪽 또는 양쪽에 없고 공식 환승 관계도 확인되지 않음 — 수동 검수 필요",,
REVIEW,KR-1-123,KR-K2-K118,,"잠정 병합(역명 일치 ""회기"", 지역 SEOUL_METRO) — 좌표 정보가 한쪽 또는 양쪽에 없고 공식 환승 관계도 확인되지 않음 — 수동 검수 필요",,
REVIEW,KR-1-123,KR-K4-K118,,"잠정 병합(역명 일치 ""회기"", 지역 SEOUL_METRO) — 좌표 정보가 한쪽 또는 양쪽에 없고 공식 환승 관계도 확인되지 않음 — 수동 검수 필요",,
REVIEW,KR-K2-K118,KR-K4-K118,,"잠정 병합(역명 일치 ""회기"", 지역 SEOUL_METRO) — 좌표 정보가 한쪽 또는 양쪽에 없고 공식 환승 관계도 확인되지 않음 — 수동 검수 필요",,
REVIEW,KR-1-135,KR-K4-K110,,"잠정 병합(역명 일치 ""용산"", 지역 SEOUL_METRO) — 좌표 정보가 한쪽 또는 양쪽에 없고 공식 환승 관계도 확인되지 않음 — 수동 검수 필요",,
REVIEW,GL-호남선-KTX-S062,GL-전라선-KTX-S062,,"잠정 병합(역명 일치 ""용산"", 지역 KTX) — 좌표 정보가 한쪽 또는 양쪽에 없고 공식 환승 관계도 확인되지 않음 — 수동 검수 필요",,
REVIEW,MG-MG04-S131,MG-MG05-S131,,"잠정 병합(역명 일치 ""용산"", 지역 MUGUNGHWA) — 좌표 정보가 한쪽 또는 양쪽에 없고 공식 환승 관계도 확인되지 않음 — 수동 검수 필요",,
REVIEW,MG-MG04-S131,MG-MG06-S131,,"잠정 병합(역명 일치 ""용산"", 지역 MUGUNGHWA) — 좌표 정보가 한쪽 또는 양쪽에 없고 공식 환승 관계도 확인되지 않음 — 수동 검수 필요",,
REVIEW,MG-MG04-S131,MG-MG07-S131,,"잠정 병합(역명 일치 ""용산"", 지역 MUGUNGHWA) — 좌표 정보가 한쪽 또는 양쪽에 없고 공식 환승 관계도 확인되지 않음 — 수동 검수 필요",,
REVIEW,MG-MG04-S131,ITX-IS03-S131,,"잠정 병합(역명 일치 ""용산"", 지역 MUGUNGHWA) — 좌표 정보가 한쪽 또는 양쪽에 없고 공식 환승 관계도 확인되지 않음 — 수동 검수 필요",,
REVIEW,MG-MG04-S131,ITX-IS04-S131,,"잠정 병합(역명 일치 ""용산"", 지역 MUGUNGHWA) — 좌표 정보가 한쪽 또는 양쪽에 없고 공식 환승 관계도 확인되지 않음 — 수동 검수 필요",,
REVIEW,MG-MG04-S131,ITX-IS05-S131,,"잠정 병합(역명 일치 ""용산"", 지역 MUGUNGHWA) — 좌표 정보가 한쪽 또는 양쪽에 없고 공식 환승 관계도 확인되지 않음 — 수동 검수 필요",,
REVIEW,MG-MG05-S131,MG-MG06-S131,,"잠정 병합(역명 일치 ""용산"", 지역 MUGUNGHWA) — 좌표 정보가 한쪽 또는 양쪽에 없고 공식 환승 관계도 확인되지 않음 — 수동 검수 필요",,
REVIEW,MG-MG05-S131,MG-MG07-S131,,"잠정 병합(역명 일치 ""용산"", 지역 MUGUNGHWA) — 좌표 정보가 한쪽 또는 양쪽에 없고 공식 환승 관계도 확인되지 않음 — 수동 검수 필요",,
REVIEW,MG-MG05-S131,ITX-IS03-S131,,"잠정 병합(역명 일치 ""용산"", 지역 MUGUNGHWA) — 좌표 정보가 한쪽 또는 양쪽에 없고 공식 환승 관계도 확인되지 않음 — 수동 검수 필요",,
REVIEW,MG-MG05-S131,ITX-IS04-S131,,"잠정 병합(역명 일치 ""용산"", 지역 MUGUNGHWA) — 좌표 정보가 한쪽 또는 양쪽에 없고 공식 환승 관계도 확인되지 않음 — 수동 검수 필요",,
REVIEW,MG-MG05-S131,ITX-IS05-S131,,"잠정 병합(역명 일치 ""용산"", 지역 MUGUNGHWA) — 좌표 정보가 한쪽 또는 양쪽에 없고 공식 환승 관계도 확인되지 않음 — 수동 검수 필요",,
REVIEW,MG-MG06-S131,MG-MG07-S131,,"잠정 병합(역명 일치 ""용산"", 지역 MUGUNGHWA) — 좌표 정보가 한쪽 또는 양쪽에 없고 공식 환승 관계도 확인되지 않음 — 수동 검수 필요",,
REVIEW,MG-MG06-S131,ITX-IS03-S131,,"잠정 병합(역명 일치 ""용산"", 지역 MUGUNGHWA) — 좌표 정보가 한쪽 또는 양쪽에 없고 공식 환승 관계도 확인되지 않음 — 수동 검수 필요",,
REVIEW,MG-MG06-S131,ITX-IS04-S131,,"잠정 병합(역명 일치 ""용산"", 지역 MUGUNGHWA) — 좌표 정보가 한쪽 또는 양쪽에 없고 공식 환승 관계도 확인되지 않음 — 수동 검수 필요",,
REVIEW,MG-MG06-S131,ITX-IS05-S131,,"잠정 병합(역명 일치 ""용산"", 지역 MUGUNGHWA) — 좌표 정보가 한쪽 또는 양쪽에 없고 공식 환승 관계도 확인되지 않음 — 수동 검수 필요",,
REVIEW,MG-MG07-S131,ITX-IS03-S131,,"잠정 병합(역명 일치 ""용산"", 지역 MUGUNGHWA) — 좌표 정보가 한쪽 또는 양쪽에 없고 공식 환승 관계도 확인되지 않음 — 수동 검수 필요",,
REVIEW,MG-MG07-S131,ITX-IS04-S131,,"잠정 병합(역명 일치 ""용산"", 지역 MUGUNGHWA) — 좌표 정보가 한쪽 또는 양쪽에 없고 공식 환승 관계도 확인되지 않음 — 수동 검수 필요",,
REVIEW,MG-MG07-S131,ITX-IS05-S131,,"잠정 병합(역명 일치 ""용산"", 지역 MUGUNGHWA) — 좌표 정보가 한쪽 또는 양쪽에 없고 공식 환승 관계도 확인되지 않음 — 수동 검수 필요",,
REVIEW,ITX-IS03-S131,ITX-IS04-S131,,"잠정 병합(역명 일치 ""용산"", 지역 MUGUNGHWA) — 좌표 정보가 한쪽 또는 양쪽에 없고 공식 환승 관계도 확인되지 않음 — 수동 검수 필요",,
REVIEW,ITX-IS03-S131,ITX-IS05-S131,,"잠정 병합(역명 일치 ""용산"", 지역 MUGUNGHWA) — 좌표 정보가 한쪽 또는 양쪽에 없고 공식 환승 관계도 확인되지 않음 — 수동 검수 필요",,
REVIEW,ITX-IS04-S131,ITX-IS05-S131,,"잠정 병합(역명 일치 ""용산"", 지역 MUGUNGHWA) — 좌표 정보가 한쪽 또는 양쪽에 없고 공식 환승 관계도 확인되지 않음 — 수동 검수 필요",,
REVIEW,KR-1-136,S9-9-917,,"잠정 병합(역명 일치 ""노량진"", 지역 SEOUL_METRO) — 좌표 정보가 한쪽 또는 양쪽에 없고 공식 환승 관계도 확인되지 않음 — 수동 검수 필요",,
REVIEW,KR-1-137,SL-L1-S402,,"잠정 병합(역명 일치 ""대방"", 지역 SEOUL_METRO) — 좌표 정보가 한쪽 또는 양쪽에 없고 공식 환승 관계도 확인되지 않음 — 수동 검수 필요",,
REVIEW,KR-1-138,S1-5-525,,"잠정 병합(역명 일치 ""신길"", 지역 SEOUL_METRO) — 좌표 정보가 한쪽 또는 양쪽에 없고 공식 환승 관계도 확인되지 않음 — 수동 검수 필요",,
REVIEW,GL-경부선-KTX-S058,GL-호남선-KTX-S058,,"잠정 병합(역명 일치 ""영등포"", 지역 KTX) — 좌표 정보가 한쪽 또는 양쪽에 없고 공식 환승 관계도 확인되지 않음 — 수동 검수 필요",,
REVIEW,GL-경부선-KTX-S058,GL-전라선-KTX-S058,,"잠정 병합(역명 일치 ""영등포"", 지역 KTX) — 좌표 정보가 한쪽 또는 양쪽에 없고 공식 환승 관계도 확인되지 않음 — 수동 검수 필요",,
REVIEW,GL-호남선-KTX-S058,GL-전라선-KTX-S058,,"잠정 병합(역명 일치 ""영등포"", 지역 KTX) — 좌표 정보가 한쪽 또는 양쪽에 없고 공식 환승 관계도 확인되지 않음 — 수동 검수 필요",,
REVIEW,MG-MG03-S111,MG-MG04-S111,,"잠정 병합(역명 일치 ""영등포"", 지역 MUGUNGHWA) — 좌표 정보가 한쪽 또는 양쪽에 없고 공식 환승 관계도 확인되지 않음 — 수동 검수 필요",,
REVIEW,MG-MG03-S111,MG-MG05-S111,,"잠정 병합(역명 일치 ""영등포"", 지역 MUGUNGHWA) — 좌표 정보가 한쪽 또는 양쪽에 없고 공식 환승 관계도 확인되지 않음 — 수동 검수 필요",,
REVIEW,MG-MG03-S111,MG-MG06-S111,,"잠정 병합(역명 일치 ""영등포"", 지역 MUGUNGHWA) — 좌표 정보가 한쪽 또는 양쪽에 없고 공식 환승 관계도 확인되지 않음 — 수동 검수 필요",,
REVIEW,MG-MG03-S111,MG-MG07-S111,,"잠정 병합(역명 일치 ""영등포"", 지역 MUGUNGHWA) — 좌표 정보가 한쪽 또는 양쪽에 없고 공식 환승 관계도 확인되지 않음 — 수동 검수 필요",,
REVIEW,MG-MG03-S111,MG-MG20-S111,,"잠정 병합(역명 일치 ""영등포"", 지역 MUGUNGHWA) — 좌표 정보가 한쪽 또는 양쪽에 없고 공식 환승 관계도 확인되지 않음 — 수동 검수 필요",,
REVIEW,MG-MG03-S111,ITX-IS01-S111,,"잠정 병합(역명 일치 ""영등포"", 지역 MUGUNGHWA) — 좌표 정보가 한쪽 또는 양쪽에 없고 공식 환승 관계도 확인되지 않음 — 수동 검수 필요",,
REVIEW,MG-MG03-S111,ITX-IS02-S111,,"잠정 병합(역명 일치 ""영등포"", 지역 MUGUNGHWA) — 좌표 정보가 한쪽 또는 양쪽에 없고 공식 환승 관계도 확인되지 않음 — 수동 검수 필요",,
REVIEW,MG-MG03-S111,ITX-IS03-S111,,"잠정 병합(역명 일치 ""영등포"", 지역 MUGUNGHWA) — 좌표 정보가 한쪽 또는 양쪽에 없고 공식 환승 관계도 확인되지 않음 — 수동 검수 필요",,
REVIEW,MG-MG03-S111,ITX-IS04-S111,,"잠정 병합(역명 일치 ""영등포"", 지역 MUGUNGHWA) — 좌표 정보가 한쪽 또는 양쪽에 없고 공식 환승 관계도 확인되지 않음 — 수동 검수 필요",,
REVIEW,MG-MG03-S111,ITX-IS05-S111,,"잠정 병합(역명 일치 ""영등포"", 지역 MUGUNGHWA) — 좌표 정보가 한쪽 또는 양쪽에 없고 공식 환승 관계도 확인되지 않음 — 수동 검수 필요",,
REVIEW,MG-MG04-S111,MG-MG05-S111,,"잠정 병합(역명 일치 ""영등포"", 지역 MUGUNGHWA) — 좌표 정보가 한쪽 또는 양쪽에 없고 공식 환승 관계도 확인되지 않음 — 수동 검수 필요",,
REVIEW,MG-MG04-S111,MG-MG06-S111,,"잠정 병합(역명 일치 ""영등포"", 지역 MUGUNGHWA) — 좌표 정보가 한쪽 또는 양쪽에 없고 공식 환승 관계도 확인되지 않음 — 수동 검수 필요",,
REVIEW,MG-MG04-S111,MG-MG07-S111,,"잠정 병합(역명 일치 ""영등포"", 지역 MUGUNGHWA) — 좌표 정보가 한쪽 또는 양쪽에 없고 공식 환승 관계도 확인되지 않음 — 수동 검수 필요",,
REVIEW,MG-MG04-S111,MG-MG20-S111,,"잠정 병합(역명 일치 ""영등포"", 지역 MUGUNGHWA) — 좌표 정보가 한쪽 또는 양쪽에 없고 공식 환승 관계도 확인되지 않음 — 수동 검수 필요",,
REVIEW,MG-MG04-S111,ITX-IS01-S111,,"잠정 병합(역명 일치 ""영등포"", 지역 MUGUNGHWA) — 좌표 정보가 한쪽 또는 양쪽에 없고 공식 환승 관계도 확인되지 않음 — 수동 검수 필요",,
REVIEW,MG-MG04-S111,ITX-IS02-S111,,"잠정 병합(역명 일치 ""영등포"", 지역 MUGUNGHWA) — 좌표 정보가 한쪽 또는 양쪽에 없고 공식 환승 관계도 확인되지 않음 — 수동 검수 필요",,
REVIEW,MG-MG04-S111,ITX-IS03-S111,,"잠정 병합(역명 일치 ""영등포"", 지역 MUGUNGHWA) — 좌표 정보가 한쪽 또는 양쪽에 없고 공식 환승 관계도 확인되지 않음 — 수동 검수 필요",,
REVIEW,MG-MG04-S111,ITX-IS04-S111,,"잠정 병합(역명 일치 ""영등포"", 지역 MUGUNGHWA) — 좌표 정보가 한쪽 또는 양쪽에 없고 공식 환승 관계도 확인되지 않음 — 수동 검수 필요",,
REVIEW,MG-MG04-S111,ITX-IS05-S111,,"잠정 병합(역명 일치 ""영등포"", 지역 MUGUNGHWA) — 좌표 정보가 한쪽 또는 양쪽에 없고 공식 환승 관계도 확인되지 않음 — 수동 검수 필요",,
REVIEW,MG-MG05-S111,MG-MG06-S111,,"잠정 병합(역명 일치 ""영등포"", 지역 MUGUNGHWA) — 좌표 정보가 한쪽 또는 양쪽에 없고 공식 환승 관계도 확인되지 않음 — 수동 검수 필요",,
REVIEW,MG-MG05-S111,MG-MG07-S111,,"잠정 병합(역명 일치 ""영등포"", 지역 MUGUNGHWA) — 좌표 정보가 한쪽 또는 양쪽에 없고 공식 환승 관계도 확인되지 않음 — 수동 검수 필요",,
REVIEW,MG-MG05-S111,MG-MG20-S111,,"잠정 병합(역명 일치 ""영등포"", 지역 MUGUNGHWA) — 좌표 정보가 한쪽 또는 양쪽에 없고 공식 환승 관계도 확인되지 않음 — 수동 검수 필요",,
REVIEW,MG-MG05-S111,ITX-IS01-S111,,"잠정 병합(역명 일치 ""영등포"", 지역 MUGUNGHWA) — 좌표 정보가 한쪽 또는 양쪽에 없고 공식 환승 관계도 확인되지 않음 — 수동 검수 필요",,
REVIEW,MG-MG05-S111,ITX-IS02-S111,,"잠정 병합(역명 일치 ""영등포"", 지역 MUGUNGHWA) — 좌표 정보가 한쪽 또는 양쪽에 없고 공식 환승 관계도 확인되지 않음 — 수동 검수 필요",,
REVIEW,MG-MG05-S111,ITX-IS03-S111,,"잠정 병합(역명 일치 ""영등포"", 지역 MUGUNGHWA) — 좌표 정보가 한쪽 또는 양쪽에 없고 공식 환승 관계도 확인되지 않음 — 수동 검수 필요",,
REVIEW,MG-MG05-S111,ITX-IS04-S111,,"잠정 병합(역명 일치 ""영등포"", 지역 MUGUNGHWA) — 좌표 정보가 한쪽 또는 양쪽에 없고 공식 환승 관계도 확인되지 않음 — 수동 검수 필요",,
REVIEW,MG-MG05-S111,ITX-IS05-S111,,"잠정 병합(역명 일치 ""영등포"", 지역 MUGUNGHWA) — 좌표 정보가 한쪽 또는 양쪽에 없고 공식 환승 관계도 확인되지 않음 — 수동 검수 필요",,
REVIEW,MG-MG06-S111,MG-MG07-S111,,"잠정 병합(역명 일치 ""영등포"", 지역 MUGUNGHWA) — 좌표 정보가 한쪽 또는 양쪽에 없고 공식 환승 관계도 확인되지 않음 — 수동 검수 필요",,
REVIEW,MG-MG06-S111,MG-MG20-S111,,"잠정 병합(역명 일치 ""영등포"", 지역 MUGUNGHWA) — 좌표 정보가 한쪽 또는 양쪽에 없고 공식 환승 관계도 확인되지 않음 — 수동 검수 필요",,
REVIEW,MG-MG06-S111,ITX-IS01-S111,,"잠정 병합(역명 일치 ""영등포"", 지역 MUGUNGHWA) — 좌표 정보가 한쪽 또는 양쪽에 없고 공식 환승 관계도 확인되지 않음 — 수동 검수 필요",,
REVIEW,MG-MG06-S111,ITX-IS02-S111,,"잠정 병합(역명 일치 ""영등포"", 지역 MUGUNGHWA) — 좌표 정보가 한쪽 또는 양쪽에 없고 공식 환승 관계도 확인되지 않음 — 수동 검수 필요",,
REVIEW,MG-MG06-S111,ITX-IS03-S111,,"잠정 병합(역명 일치 ""영등포"", 지역 MUGUNGHWA) — 좌표 정보가 한쪽 또는 양쪽에 없고 공식 환승 관계도 확인되지 않음 — 수동 검수 필요",,
REVIEW,MG-MG06-S111,ITX-IS04-S111,,"잠정 병합(역명 일치 ""영등포"", 지역 MUGUNGHWA) — 좌표 정보가 한쪽 또는 양쪽에 없고 공식 환승 관계도 확인되지 않음 — 수동 검수 필요",,
REVIEW,MG-MG06-S111,ITX-IS05-S111,,"잠정 병합(역명 일치 ""영등포"", 지역 MUGUNGHWA) — 좌표 정보가 한쪽 또는 양쪽에 없고 공식 환승 관계도 확인되지 않음 — 수동 검수 필요",,
REVIEW,MG-MG07-S111,MG-MG20-S111,,"잠정 병합(역명 일치 ""영등포"", 지역 MUGUNGHWA) — 좌표 정보가 한쪽 또는 양쪽에 없고 공식 환승 관계도 확인되지 않음 — 수동 검수 필요",,
REVIEW,MG-MG07-S111,ITX-IS01-S111,,"잠정 병합(역명 일치 ""영등포"", 지역 MUGUNGHWA) — 좌표 정보가 한쪽 또는 양쪽에 없고 공식 환승 관계도 확인되지 않음 — 수동 검수 필요",,
REVIEW,MG-MG07-S111,ITX-IS02-S111,,"잠정 병합(역명 일치 ""영등포"", 지역 MUGUNGHWA) — 좌표 정보가 한쪽 또는 양쪽에 없고 공식 환승 관계도 확인되지 않음 — 수동 검수 필요",,
REVIEW,MG-MG07-S111,ITX-IS03-S111,,"잠정 병합(역명 일치 ""영등포"", 지역 MUGUNGHWA) — 좌표 정보가 한쪽 또는 양쪽에 없고 공식 환승 관계도 확인되지 않음 — 수동 검수 필요",,
REVIEW,MG-MG07-S111,ITX-IS04-S111,,"잠정 병합(역명 일치 ""영등포"", 지역 MUGUNGHWA) — 좌표 정보가 한쪽 또는 양쪽에 없고 공식 환승 관계도 확인되지 않음 — 수동 검수 필요",,
REVIEW,MG-MG07-S111,ITX-IS05-S111,,"잠정 병합(역명 일치 ""영등포"", 지역 MUGUNGHWA) — 좌표 정보가 한쪽 또는 양쪽에 없고 공식 환승 관계도 확인되지 않음 — 수동 검수 필요",,
REVIEW,MG-MG20-S111,ITX-IS01-S111,,"잠정 병합(역명 일치 ""영등포"", 지역 MUGUNGHWA) — 좌표 정보가 한쪽 또는 양쪽에 없고 공식 환승 관계도 확인되지 않음 — 수동 검수 필요",,
REVIEW,MG-MG20-S111,ITX-IS02-S111,,"잠정 병합(역명 일치 ""영등포"", 지역 MUGUNGHWA) — 좌표 정보가 한쪽 또는 양쪽에 없고 공식 환승 관계도 확인되지 않음 — 수동 검수 필요",,
REVIEW,MG-MG20-S111,ITX-IS03-S111,,"잠정 병합(역명 일치 ""영등포"", 지역 MUGUNGHWA) — 좌표 정보가 한쪽 또는 양쪽에 없고 공식 환승 관계도 확인되지 않음 — 수동 검수 필요",,
REVIEW,MG-MG20-S111,ITX-IS04-S111,,"잠정 병합(역명 일치 ""영등포"", 지역 MUGUNGHWA) — 좌표 정보가 한쪽 또는 양쪽에 없고 공식 환승 관계도 확인되지 않음 — 수동 검수 필요",,
REVIEW,MG-MG20-S111,ITX-IS05-S111,,"잠정 병합(역명 일치 ""영등포"", 지역 MUGUNGHWA) — 좌표 정보가 한쪽 또는 양쪽에 없고 공식 환승 관계도 확인되지 않음 — 수동 검수 필요",,
REVIEW,ITX-IS01-S111,ITX-IS02-S111,,"잠정 병합(역명 일치 ""영등포"", 지역 MUGUNGHWA) — 좌표 정보가 한쪽 또는 양쪽에 없고 공식 환승 관계도 확인되지 않음 — 수동 검수 필요",,
REVIEW,ITX-IS01-S111,ITX-IS03-S111,,"잠정 병합(역명 일치 ""영등포"", 지역 MUGUNGHWA) — 좌표 정보가 한쪽 또는 양쪽에 없고 공식 환승 관계도 확인되지 않음 — 수동 검수 필요",,
REVIEW,ITX-IS01-S111,ITX-IS04-S111,,"잠정 병합(역명 일치 ""영등포"", 지역 MUGUNGHWA) — 좌표 정보가 한쪽 또는 양쪽에 없고 공식 환승 관계도 확인되지 않음 — 수동 검수 필요",,
REVIEW,ITX-IS01-S111,ITX-IS05-S111,,"잠정 병합(역명 일치 ""영등포"", 지역 MUGUNGHWA) — 좌표 정보가 한쪽 또는 양쪽에 없고 공식 환승 관계도 확인되지 않음 — 수동 검수 필요",,
REVIEW,ITX-IS02-S111,ITX-IS03-S111,,"잠정 병합(역명 일치 ""영등포"", 지역 MUGUNGHWA) — 좌표 정보가 한쪽 또는 양쪽에 없고 공식 환승 관계도 확인되지 않음 — 수동 검수 필요",,
REVIEW,ITX-IS02-S111,ITX-IS04-S111,,"잠정 병합(역명 일치 ""영등포"", 지역 MUGUNGHWA) — 좌표 정보가 한쪽 또는 양쪽에 없고 공식 환승 관계도 확인되지 않음 — 수동 검수 필요",,
REVIEW,ITX-IS02-S111,ITX-IS05-S111,,"잠정 병합(역명 일치 ""영등포"", 지역 MUGUNGHWA) — 좌표 정보가 한쪽 또는 양쪽에 없고 공식 환승 관계도 확인되지 않음 — 수동 검수 필요",,
REVIEW,ITX-IS03-S111,ITX-IS04-S111,,"잠정 병합(역명 일치 ""영등포"", 지역 MUGUNGHWA) — 좌표 정보가 한쪽 또는 양쪽에 없고 공식 환승 관계도 확인되지 않음 — 수동 검수 필요",,
REVIEW,ITX-IS03-S111,ITX-IS05-S111,,"잠정 병합(역명 일치 ""영등포"", 지역 MUGUNGHWA) — 좌표 정보가 한쪽 또는 양쪽에 없고 공식 환승 관계도 확인되지 않음 — 수동 검수 필요",,
REVIEW,ITX-IS04-S111,ITX-IS05-S111,,"잠정 병합(역명 일치 ""영등포"", 지역 MUGUNGHWA) — 좌표 정보가 한쪽 또는 양쪽에 없고 공식 환승 관계도 확인되지 않음 — 수동 검수 필요",,
REVIEW,KR-1-140,S1-2-234,,"잠정 병합(역명 일치 ""신도림"", 지역 SEOUL_METRO) — 좌표 정보가 한쪽 또는 양쪽에 없고 공식 환승 관계도 확인되지 않음 — 수동 검수 필요",,
REVIEW,KR-1-140,BRANCH-SINJEONG-JUNCTION,,"잠정 병합(역명 일치 ""신도림"", 지역 SEOUL_METRO) — 좌표 정보가 한쪽 또는 양쪽에 없고 공식 환승 관계도 확인되지 않음 — 수동 검수 필요",,
REVIEW,S1-2-234,BRANCH-SINJEONG-JUNCTION,,"잠정 병합(역명 일치 ""신도림"", 지역 SEOUL_METRO) — 좌표 정보가 한쪽 또는 양쪽에 없고 공식 환승 관계도 확인되지 않음 — 수동 검수 필요",,
REVIEW,KR-1-141,BRANCH-GYEONGBU-JANGHANG-JUNCTION,,"잠정 병합(역명 일치 ""구로"", 지역 SEOUL_METRO) — 좌표 정보가 한쪽 또는 양쪽에 없고 공식 환승 관계도 확인되지 않음 — 수동 검수 필요",,
REVIEW,KR-1-145,S1-7-750,,"잠정 병합(역명 일치 ""온수"", 지역 SEOUL_METRO) — 좌표 정보가 한쪽 또는 양쪽에 없고 공식 환승 관계도 확인되지 않음 — 수동 검수 필요",,
REVIEW,KR-1-147,SW-WS-S16,,"잠정 병합(역명 일치 ""소사"", 지역 SEOUL_METRO) — 좌표 정보가 한쪽 또는 양쪽에 없고 공식 환승 관계도 확인되지 않음 — 수동 검수 필요",,
REVIEW,KR-1-161,KR-K1-K272,,"잠정 병합(역명 일치 ""인천"", 지역 SEOUL_METRO) — 좌표 정보가 한쪽 또는 양쪽에 없고 공식 환승 관계도 확인되지 않음 — 수동 검수 필요",,
REVIEW,KR-1-P142,S1-7-746,,"잠정 병합(역명 일치 ""가산디지털단지"", 지역 SEOUL_METRO) — 좌표 정보가 한쪽 또는 양쪽에 없고 공식 환승 관계도 확인되지 않음 — 수동 검수 필요",,
REVIEW,KR-1-P144,BRANCH-GYEONGBUGOSOK-JUNCTION,,"잠정 병합(역명 일치 ""금천구청"", 지역 SEOUL_METRO) — 좌표 정보가 한쪽 또는 양쪽에 없고 공식 환승 관계도 확인되지 않음 — 수동 검수 필요",,
REVIEW,GL-경부선-KTX-S009,GL-호남선-KTX-S009,,"잠정 병합(역명 일치 ""광명"", 지역 KTX) — 좌표 정보가 한쪽 또는 양쪽에 없고 공식 환승 관계도 확인되지 않음 — 수동 검수 필요",,
REVIEW,GL-경부선-KTX-S009,GL-전라선-KTX-S009,,"잠정 병합(역명 일치 ""광명"", 지역 KTX) — 좌표 정보가 한쪽 또는 양쪽에 없고 공식 환승 관계도 확인되지 않음 — 수동 검수 필요",,
REVIEW,GL-경부선-KTX-S009,GL-동해선-KTX-S009,,"잠정 병합(역명 일치 ""광명"", 지역 KTX) — 좌표 정보가 한쪽 또는 양쪽에 없고 공식 환승 관계도 확인되지 않음 — 수동 검수 필요",,
REVIEW,GL-경부선-KTX-S009,GL-경전선-KTX-S009,,"잠정 병합(역명 일치 ""광명"", 지역 KTX) — 좌표 정보가 한쪽 또는 양쪽에 없고 공식 환승 관계도 확인되지 않음 — 수동 검수 필요",,
REVIEW,GL-호남선-KTX-S009,GL-전라선-KTX-S009,,"잠정 병합(역명 일치 ""광명"", 지역 KTX) — 좌표 정보가 한쪽 또는 양쪽에 없고 공식 환승 관계도 확인되지 않음 — 수동 검수 필요",,
REVIEW,GL-호남선-KTX-S009,GL-동해선-KTX-S009,,"잠정 병합(역명 일치 ""광명"", 지역 KTX) — 좌표 정보가 한쪽 또는 양쪽에 없고 공식 환승 관계도 확인되지 않음 — 수동 검수 필요",,
REVIEW,GL-호남선-KTX-S009,GL-경전선-KTX-S009,,"잠정 병합(역명 일치 ""광명"", 지역 KTX) — 좌표 정보가 한쪽 또는 양쪽에 없고 공식 환승 관계도 확인되지 않음 — 수동 검수 필요",,
REVIEW,GL-전라선-KTX-S009,GL-동해선-KTX-S009,,"잠정 병합(역명 일치 ""광명"", 지역 KTX) — 좌표 정보가 한쪽 또는 양쪽에 없고 공식 환승 관계도 확인되지 않음 — 수동 검수 필요",,
REVIEW,GL-전라선-KTX-S009,GL-경전선-KTX-S009,,"잠정 병합(역명 일치 ""광명"", 지역 KTX) — 좌표 정보가 한쪽 또는 양쪽에 없고 공식 환승 관계도 확인되지 않음 — 수동 검수 필요",,
REVIEW,GL-동해선-KTX-S009,GL-경전선-KTX-S009,,"잠정 병합(역명 일치 ""광명"", 지역 KTX) — 좌표 정보가 한쪽 또는 양쪽에 없고 공식 환승 관계도 확인되지 않음 — 수동 검수 필요",,
REVIEW,MG-MG03-S102,MG-MG04-S102,,"잠정 병합(역명 일치 ""안양"", 지역 MUGUNGHWA) — 좌표 정보가 한쪽 또는 양쪽에 없고 공식 환승 관계도 확인되지 않음 — 수동 검수 필요",,
REVIEW,MG-MG03-S102,MG-MG05-S102,,"잠정 병합(역명 일치 ""안양"", 지역 MUGUNGHWA) — 좌표 정보가 한쪽 또는 양쪽에 없고 공식 환승 관계도 확인되지 않음 — 수동 검수 필요",,
REVIEW,MG-MG03-S102,MG-MG06-S102,,"잠정 병합(역명 일치 ""안양"", 지역 MUGUNGHWA) — 좌표 정보가 한쪽 또는 양쪽에 없고 공식 환승 관계도 확인되지 않음 — 수동 검수 필요",,
REVIEW,MG-MG03-S102,MG-MG07-S102,,"잠정 병합(역명 일치 ""안양"", 지역 MUGUNGHWA) — 좌표 정보가 한쪽 또는 양쪽에 없고 공식 환승 관계도 확인되지 않음 — 수동 검수 필요",,
REVIEW,MG-MG03-S102,MG-MG20-S102,,"잠정 병합(역명 일치 ""안양"", 지역 MUGUNGHWA) — 좌표 정보가 한쪽 또는 양쪽에 없고 공식 환승 관계도 확인되지 않음 — 수동 검수 필요",,
REVIEW,MG-MG03-S102,ITX-IS01-S102,,"잠정 병합(역명 일치 ""안양"", 지역 MUGUNGHWA) — 좌표 정보가 한쪽 또는 양쪽에 없고 공식 환승 관계도 확인되지 않음 — 수동 검수 필요",,
REVIEW,MG-MG03-S102,ITX-IS04-S102,,"잠정 병합(역명 일치 ""안양"", 지역 MUGUNGHWA) — 좌표 정보가 한쪽 또는 양쪽에 없고 공식 환승 관계도 확인되지 않음 — 수동 검수 필요",,
REVIEW,MG-MG04-S102,MG-MG05-S102,,"잠정 병합(역명 일치 ""안양"", 지역 MUGUNGHWA) — 좌표 정보가 한쪽 또는 양쪽에 없고 공식 환승 관계도 확인되지 않음 — 수동 검수 필요",,
REVIEW,MG-MG04-S102,MG-MG06-S102,,"잠정 병합(역명 일치 ""안양"", 지역 MUGUNGHWA) — 좌표 정보가 한쪽 또는 양쪽에 없고 공식 환승 관계도 확인되지 않음 — 수동 검수 필요",,
REVIEW,MG-MG04-S102,MG-MG07-S102,,"잠정 병합(역명 일치 ""안양"", 지역 MUGUNGHWA) — 좌표 정보가 한쪽 또는 양쪽에 없고 공식 환승 관계도 확인되지 않음 — 수동 검수 필요",,
REVIEW,MG-MG04-S102,MG-MG20-S102,,"잠정 병합(역명 일치 ""안양"", 지역 MUGUNGHWA) — 좌표 정보가 한쪽 또는 양쪽에 없고 공식 환승 관계도 확인되지 않음 — 수동 검수 필요",,
REVIEW,MG-MG04-S102,ITX-IS01-S102,,"잠정 병합(역명 일치 ""안양"", 지역 MUGUNGHWA) — 좌표 정보가 한쪽 또는 양쪽에 없고 공식 환승 관계도 확인되지 않음 — 수동 검수 필요",,
REVIEW,MG-MG04-S102,ITX-IS04-S102,,"잠정 병합(역명 일치 ""안양"", 지역 MUGUNGHWA) — 좌표 정보가 한쪽 또는 양쪽에 없고 공식 환승 관계도 확인되지 않음 — 수동 검수 필요",,
REVIEW,MG-MG05-S102,MG-MG06-S102,,"잠정 병합(역명 일치 ""안양"", 지역 MUGUNGHWA) — 좌표 정보가 한쪽 또는 양쪽에 없고 공식 환승 관계도 확인되지 않음 — 수동 검수 필요",,
REVIEW,MG-MG05-S102,MG-MG07-S102,,"잠정 병합(역명 일치 ""안양"", 지역 MUGUNGHWA) — 좌표 정보가 한쪽 또는 양쪽에 없고 공식 환승 관계도 확인되지 않음 — 수동 검수 필요",,
REVIEW,MG-MG05-S102,MG-MG20-S102,,"잠정 병합(역명 일치 ""안양"", 지역 MUGUNGHWA) — 좌표 정보가 한쪽 또는 양쪽에 없고 공식 환승 관계도 확인되지 않음 — 수동 검수 필요",,
REVIEW,MG-MG05-S102,ITX-IS01-S102,,"잠정 병합(역명 일치 ""안양"", 지역 MUGUNGHWA) — 좌표 정보가 한쪽 또는 양쪽에 없고 공식 환승 관계도 확인되지 않음 — 수동 검수 필요",,
REVIEW,MG-MG05-S102,ITX-IS04-S102,,"잠정 병합(역명 일치 ""안양"", 지역 MUGUNGHWA) — 좌표 정보가 한쪽 또는 양쪽에 없고 공식 환승 관계도 확인되지 않음 — 수동 검수 필요",,
REVIEW,MG-MG06-S102,MG-MG07-S102,,"잠정 병합(역명 일치 ""안양"", 지역 MUGUNGHWA) — 좌표 정보가 한쪽 또는 양쪽에 없고 공식 환승 관계도 확인되지 않음 — 수동 검수 필요",,
REVIEW,MG-MG06-S102,MG-MG20-S102,,"잠정 병합(역명 일치 ""안양"", 지역 MUGUNGHWA) — 좌표 정보가 한쪽 또는 양쪽에 없고 공식 환승 관계도 확인되지 않음 — 수동 검수 필요",,
REVIEW,MG-MG06-S102,ITX-IS01-S102,,"잠정 병합(역명 일치 ""안양"", 지역 MUGUNGHWA) — 좌표 정보가 한쪽 또는 양쪽에 없고 공식 환승 관계도 확인되지 않음 — 수동 검수 필요",,
REVIEW,MG-MG06-S102,ITX-IS04-S102,,"잠정 병합(역명 일치 ""안양"", 지역 MUGUNGHWA) — 좌표 정보가 한쪽 또는 양쪽에 없고 공식 환승 관계도 확인되지 않음 — 수동 검수 필요",,
REVIEW,MG-MG07-S102,MG-MG20-S102,,"잠정 병합(역명 일치 ""안양"", 지역 MUGUNGHWA) — 좌표 정보가 한쪽 또는 양쪽에 없고 공식 환승 관계도 확인되지 않음 — 수동 검수 필요",,
REVIEW,MG-MG07-S102,ITX-IS01-S102,,"잠정 병합(역명 일치 ""안양"", 지역 MUGUNGHWA) — 좌표 정보가 한쪽 또는 양쪽에 없고 공식 환승 관계도 확인되지 않음 — 수동 검수 필요",,
REVIEW,MG-MG07-S102,ITX-IS04-S102,,"잠정 병합(역명 일치 ""안양"", 지역 MUGUNGHWA) — 좌표 정보가 한쪽 또는 양쪽에 없고 공식 환승 관계도 확인되지 않음 — 수동 검수 필요",,
REVIEW,MG-MG20-S102,ITX-IS01-S102,,"잠정 병합(역명 일치 ""안양"", 지역 MUGUNGHWA) — 좌표 정보가 한쪽 또는 양쪽에 없고 공식 환승 관계도 확인되지 않음 — 수동 검수 필요",,
REVIEW,MG-MG20-S102,ITX-IS04-S102,,"잠정 병합(역명 일치 ""안양"", 지역 MUGUNGHWA) — 좌표 정보가 한쪽 또는 양쪽에 없고 공식 환승 관계도 확인되지 않음 — 수동 검수 필요",,
REVIEW,ITX-IS01-S102,ITX-IS04-S102,,"잠정 병합(역명 일치 ""안양"", 지역 MUGUNGHWA) — 좌표 정보가 한쪽 또는 양쪽에 없고 공식 환승 관계도 확인되지 않음 — 수동 검수 필요",,
REVIEW,KR-1-P149,KR-4-443,,"잠정 병합(역명 일치 ""금정"", 지역 SEOUL_METRO) — 좌표 정보가 한쪽 또는 양쪽에 없고 공식 환승 관계도 확인되지 않음 — 수동 검수 필요",,
REVIEW,KR-1-P155,KR-K1-K245,,"잠정 병합(역명 일치 ""수원"", 지역 SEOUL_METRO) — 좌표 정보가 한쪽 또는 양쪽에 없고 공식 환승 관계도 확인되지 않음 — 수동 검수 필요",,
REVIEW,MG-MG03-S086,MG-MG04-S086,,"잠정 병합(역명 일치 ""수원"", 지역 MUGUNGHWA) — 좌표 정보가 한쪽 또는 양쪽에 없고 공식 환승 관계도 확인되지 않음 — 수동 검수 필요",,
REVIEW,MG-MG03-S086,MG-MG05-S086,,"잠정 병합(역명 일치 ""수원"", 지역 MUGUNGHWA) — 좌표 정보가 한쪽 또는 양쪽에 없고 공식 환승 관계도 확인되지 않음 — 수동 검수 필요",,
REVIEW,MG-MG03-S086,MG-MG06-S086,,"잠정 병합(역명 일치 ""수원"", 지역 MUGUNGHWA) — 좌표 정보가 한쪽 또는 양쪽에 없고 공식 환승 관계도 확인되지 않음 — 수동 검수 필요",,
REVIEW,MG-MG03-S086,MG-MG07-S086,,"잠정 병합(역명 일치 ""수원"", 지역 MUGUNGHWA) — 좌표 정보가 한쪽 또는 양쪽에 없고 공식 환승 관계도 확인되지 않음 — 수동 검수 필요",,
REVIEW,MG-MG03-S086,MG-MG20-S086,,"잠정 병합(역명 일치 ""수원"", 지역 MUGUNGHWA) — 좌표 정보가 한쪽 또는 양쪽에 없고 공식 환승 관계도 확인되지 않음 — 수동 검수 필요",,
REVIEW,MG-MG03-S086,ITX-IS01-S086,,"잠정 병합(역명 일치 ""수원"", 지역 MUGUNGHWA) — 좌표 정보가 한쪽 또는 양쪽에 없고 공식 환승 관계도 확인되지 않음 — 수동 검수 필요",,
REVIEW,MG-MG03-S086,ITX-IS02-S086,,"잠정 병합(역명 일치 ""수원"", 지역 MUGUNGHWA) — 좌표 정보가 한쪽 또는 양쪽에 없고 공식 환승 관계도 확인되지 않음 — 수동 검수 필요",,
REVIEW,MG-MG03-S086,ITX-IS03-S086,,"잠정 병합(역명 일치 ""수원"", 지역 MUGUNGHWA) — 좌표 정보가 한쪽 또는 양쪽에 없고 공식 환승 관계도 확인되지 않음 — 수동 검수 필요",,
REVIEW,MG-MG03-S086,ITX-IS04-S086,,"잠정 병합(역명 일치 ""수원"", 지역 MUGUNGHWA) — 좌표 정보가 한쪽 또는 양쪽에 없고 공식 환승 관계도 확인되지 않음 — 수동 검수 필요",,
REVIEW,MG-MG03-S086,ITX-IS05-S086,,"잠정 병합(역명 일치 ""수원"", 지역 MUGUNGHWA) — 좌표 정보가 한쪽 또는 양쪽에 없고 공식 환승 관계도 확인되지 않음 — 수동 검수 필요",,
REVIEW,MG-MG04-S086,MG-MG05-S086,,"잠정 병합(역명 일치 ""수원"", 지역 MUGUNGHWA) — 좌표 정보가 한쪽 또는 양쪽에 없고 공식 환승 관계도 확인되지 않음 — 수동 검수 필요",,
REVIEW,MG-MG04-S086,MG-MG06-S086,,"잠정 병합(역명 일치 ""수원"", 지역 MUGUNGHWA) — 좌표 정보가 한쪽 또는 양쪽에 없고 공식 환승 관계도 확인되지 않음 — 수동 검수 필요",,
REVIEW,MG-MG04-S086,MG-MG07-S086,,"잠정 병합(역명 일치 ""수원"", 지역 MUGUNGHWA) — 좌표 정보가 한쪽 또는 양쪽에 없고 공식 환승 관계도 확인되지 않음 — 수동 검수 필요",,
REVIEW,MG-MG04-S086,MG-MG20-S086,,"잠정 병합(역명 일치 ""수원"", 지역 MUGUNGHWA) — 좌표 정보가 한쪽 또는 양쪽에 없고 공식 환승 관계도 확인되지 않음 — 수동 검수 필요",,
REVIEW,MG-MG04-S086,ITX-IS01-S086,,"잠정 병합(역명 일치 ""수원"", 지역 MUGUNGHWA) — 좌표 정보가 한쪽 또는 양쪽에 없고 공식 환승 관계도 확인되지 않음 — 수동 검수 필요",,
REVIEW,MG-MG04-S086,ITX-IS02-S086,,"잠정 병합(역명 일치 ""수원"", 지역 MUGUNGHWA) — 좌표 정보가 한쪽 또는 양쪽에 없고 공식 환승 관계도 확인되지 않음 — 수동 검수 필요",,
REVIEW,MG-MG04-S086,ITX-IS03-S086,,"잠정 병합(역명 일치 ""수원"", 지역 MUGUNGHWA) — 좌표 정보가 한쪽 또는 양쪽에 없고 공식 환승 관계도 확인되지 않음 — 수동 검수 필요",,
REVIEW,MG-MG04-S086,ITX-IS04-S086,,"잠정 병합(역명 일치 ""수원"", 지역 MUGUNGHWA) — 좌표 정보가 한쪽 또는 양쪽에 없고 공식 환승 관계도 확인되지 않음 — 수동 검수 필요",,
REVIEW,MG-MG04-S086,ITX-IS05-S086,,"잠정 병합(역명 일치 ""수원"", 지역 MUGUNGHWA) — 좌표 정보가 한쪽 또는 양쪽에 없고 공식 환승 관계도 확인되지 않음 — 수동 검수 필요",,
REVIEW,MG-MG05-S086,MG-MG06-S086,,"잠정 병합(역명 일치 ""수원"", 지역 MUGUNGHWA) — 좌표 정보가 한쪽 또는 양쪽에 없고 공식 환승 관계도 확인되지 않음 — 수동 검수 필요",,
REVIEW,MG-MG05-S086,MG-MG07-S086,,"잠정 병합(역명 일치 ""수원"", 지역 MUGUNGHWA) — 좌표 정보가 한쪽 또는 양쪽에 없고 공식 환승 관계도 확인되지 않음 — 수동 검수 필요",,
REVIEW,MG-MG05-S086,MG-MG20-S086,,"잠정 병합(역명 일치 ""수원"", 지역 MUGUNGHWA) — 좌표 정보가 한쪽 또는 양쪽에 없고 공식 환승 관계도 확인되지 않음 — 수동 검수 필요",,
REVIEW,MG-MG05-S086,ITX-IS01-S086,,"잠정 병합(역명 일치 ""수원"", 지역 MUGUNGHWA) — 좌표 정보가 한쪽 또는 양쪽에 없고 공식 환승 관계도 확인되지 않음 — 수동 검수 필요",,
REVIEW,MG-MG05-S086,ITX-IS02-S086,,"잠정 병합(역명 일치 ""수원"", 지역 MUGUNGHWA) — 좌표 정보가 한쪽 또는 양쪽에 없고 공식 환승 관계도 확인되지 않음 — 수동 검수 필요",,
REVIEW,MG-MG05-S086,ITX-IS03-S086,,"잠정 병합(역명 일치 ""수원"", 지역 MUGUNGHWA) — 좌표 정보가 한쪽 또는 양쪽에 없고 공식 환승 관계도 확인되지 않음 — 수동 검수 필요",,
REVIEW,MG-MG05-S086,ITX-IS04-S086,,"잠정 병합(역명 일치 ""수원"", 지역 MUGUNGHWA) — 좌표 정보가 한쪽 또는 양쪽에 없고 공식 환승 관계도 확인되지 않음 — 수동 검수 필요",,
REVIEW,MG-MG05-S086,ITX-IS05-S086,,"잠정 병합(역명 일치 ""수원"", 지역 MUGUNGHWA) — 좌표 정보가 한쪽 또는 양쪽에 없고 공식 환승 관계도 확인되지 않음 — 수동 검수 필요",,
REVIEW,MG-MG06-S086,MG-MG07-S086,,"잠정 병합(역명 일치 ""수원"", 지역 MUGUNGHWA) — 좌표 정보가 한쪽 또는 양쪽에 없고 공식 환승 관계도 확인되지 않음 — 수동 검수 필요",,
REVIEW,MG-MG06-S086,MG-MG20-S086,,"잠정 병합(역명 일치 ""수원"", 지역 MUGUNGHWA) — 좌표 정보가 한쪽 또는 양쪽에 없고 공식 환승 관계도 확인되지 않음 — 수동 검수 필요",,
REVIEW,MG-MG06-S086,ITX-IS01-S086,,"잠정 병합(역명 일치 ""수원"", 지역 MUGUNGHWA) — 좌표 정보가 한쪽 또는 양쪽에 없고 공식 환승 관계도 확인되지 않음 — 수동 검수 필요",,
REVIEW,MG-MG06-S086,ITX-IS02-S086,,"잠정 병합(역명 일치 ""수원"", 지역 MUGUNGHWA) — 좌표 정보가 한쪽 또는 양쪽에 없고 공식 환승 관계도 확인되지 않음 — 수동 검수 필요",,
REVIEW,MG-MG06-S086,ITX-IS03-S086,,"잠정 병합(역명 일치 ""수원"", 지역 MUGUNGHWA) — 좌표 정보가 한쪽 또는 양쪽에 없고 공식 환승 관계도 확인되지 않음 — 수동 검수 필요",,
REVIEW,MG-MG06-S086,ITX-IS04-S086,,"잠정 병합(역명 일치 ""수원"", 지역 MUGUNGHWA) — 좌표 정보가 한쪽 또는 양쪽에 없고 공식 환승 관계도 확인되지 않음 — 수동 검수 필요",,
REVIEW,MG-MG06-S086,ITX-IS05-S086,,"잠정 병합(역명 일치 ""수원"", 지역 MUGUNGHWA) — 좌표 정보가 한쪽 또는 양쪽에 없고 공식 환승 관계도 확인되지 않음 — 수동 검수 필요",,
REVIEW,MG-MG07-S086,MG-MG20-S086,,"잠정 병합(역명 일치 ""수원"", 지역 MUGUNGHWA) — 좌표 정보가 한쪽 또는 양쪽에 없고 공식 환승 관계도 확인되지 않음 — 수동 검수 필요",,
REVIEW,MG-MG07-S086,ITX-IS01-S086,,"잠정 병합(역명 일치 ""수원"", 지역 MUGUNGHWA) — 좌표 정보가 한쪽 또는 양쪽에 없고 공식 환승 관계도 확인되지 않음 — 수동 검수 필요",,
REVIEW,MG-MG07-S086,ITX-IS02-S086,,"잠정 병합(역명 일치 ""수원"", 지역 MUGUNGHWA) — 좌표 정보가 한쪽 또는 양쪽에 없고 공식 환승 관계도 확인되지 않음 — 수동 검수 필요",,
REVIEW,MG-MG07-S086,ITX-IS03-S086,,"잠정 병합(역명 일치 ""수원"", 지역 MUGUNGHWA) — 좌표 정보가 한쪽 또는 양쪽에 없고 공식 환승 관계도 확인되지 않음 — 수동 검수 필요",,
REVIEW,MG-MG07-S086,ITX-IS04-S086,,"잠정 병합(역명 일치 ""수원"", 지역 MUGUNGHWA) — 좌표 정보가 한쪽 또는 양쪽에 없고 공식 환승 관계도 확인되지 않음 — 수동 검수 필요",,
REVIEW,MG-MG07-S086,ITX-IS05-S086,,"잠정 병합(역명 일치 ""수원"", 지역 MUGUNGHWA) — 좌표 정보가 한쪽 또는 양쪽에 없고 공식 환승 관계도 확인되지 않음 — 수동 검수 필요",,
REVIEW,MG-MG20-S086,ITX-IS01-S086,,"잠정 병합(역명 일치 ""수원"", 지역 MUGUNGHWA) — 좌표 정보가 한쪽 또는 양쪽에 없고 공식 환승 관계도 확인되지 않음 — 수동 검수 필요",,
REVIEW,MG-MG20-S086,ITX-IS02-S086,,"잠정 병합(역명 일치 ""수원"", 지역 MUGUNGHWA) — 좌표 정보가 한쪽 또는 양쪽에 없고 공식 환승 관계도 확인되지 않음 — 수동 검수 필요",,
REVIEW,MG-MG20-S086,ITX-IS03-S086,,"잠정 병합(역명 일치 ""수원"", 지역 MUGUNGHWA) — 좌표 정보가 한쪽 또는 양쪽에 없고 공식 환승 관계도 확인되지 않음 — 수동 검수 필요",,
REVIEW,MG-MG20-S086,ITX-IS04-S086,,"잠정 병합(역명 일치 ""수원"", 지역 MUGUNGHWA) — 좌표 정보가 한쪽 또는 양쪽에 없고 공식 환승 관계도 확인되지 않음 — 수동 검수 필요",,
REVIEW,MG-MG20-S086,ITX-IS05-S086,,"잠정 병합(역명 일치 ""수원"", 지역 MUGUNGHWA) — 좌표 정보가 한쪽 또는 양쪽에 없고 공식 환승 관계도 확인되지 않음 — 수동 검수 필요",,
REVIEW,ITX-IS01-S086,ITX-IS02-S086,,"잠정 병합(역명 일치 ""수원"", 지역 MUGUNGHWA) — 좌표 정보가 한쪽 또는 양쪽에 없고 공식 환승 관계도 확인되지 않음 — 수동 검수 필요",,
REVIEW,ITX-IS01-S086,ITX-IS03-S086,,"잠정 병합(역명 일치 ""수원"", 지역 MUGUNGHWA) — 좌표 정보가 한쪽 또는 양쪽에 없고 공식 환승 관계도 확인되지 않음 — 수동 검수 필요",,
REVIEW,ITX-IS01-S086,ITX-IS04-S086,,"잠정 병합(역명 일치 ""수원"", 지역 MUGUNGHWA) — 좌표 정보가 한쪽 또는 양쪽에 없고 공식 환승 관계도 확인되지 않음 — 수동 검수 필요",,
REVIEW,ITX-IS01-S086,ITX-IS05-S086,,"잠정 병합(역명 일치 ""수원"", 지역 MUGUNGHWA) — 좌표 정보가 한쪽 또는 양쪽에 없고 공식 환승 관계도 확인되지 않음 — 수동 검수 필요",,
REVIEW,ITX-IS02-S086,ITX-IS03-S086,,"잠정 병합(역명 일치 ""수원"", 지역 MUGUNGHWA) — 좌표 정보가 한쪽 또는 양쪽에 없고 공식 환승 관계도 확인되지 않음 — 수동 검수 필요",,
REVIEW,ITX-IS02-S086,ITX-IS04-S086,,"잠정 병합(역명 일치 ""수원"", 지역 MUGUNGHWA) — 좌표 정보가 한쪽 또는 양쪽에 없고 공식 환승 관계도 확인되지 않음 — 수동 검수 필요",,
REVIEW,ITX-IS02-S086,ITX-IS05-S086,,"잠정 병합(역명 일치 ""수원"", 지역 MUGUNGHWA) — 좌표 정보가 한쪽 또는 양쪽에 없고 공식 환승 관계도 확인되지 않음 — 수동 검수 필요",,
REVIEW,ITX-IS03-S086,ITX-IS04-S086,,"잠정 병합(역명 일치 ""수원"", 지역 MUGUNGHWA) — 좌표 정보가 한쪽 또는 양쪽에 없고 공식 환승 관계도 확인되지 않음 — 수동 검수 필요",,
REVIEW,ITX-IS03-S086,ITX-IS05-S086,,"잠정 병합(역명 일치 ""수원"", 지역 MUGUNGHWA) — 좌표 정보가 한쪽 또는 양쪽에 없고 공식 환승 관계도 확인되지 않음 — 수동 검수 필요",,
REVIEW,ITX-IS04-S086,ITX-IS05-S086,,"잠정 병합(역명 일치 ""수원"", 지역 MUGUNGHWA) — 좌표 정보가 한쪽 또는 양쪽에 없고 공식 환승 관계도 확인되지 않음 — 수동 검수 필요",,
REVIEW,KR-1-P157,BRANCH-BYEONGJEOM-JUNCTION,,"잠정 병합(역명 일치 ""병점"", 지역 SEOUL_METRO) — 좌표 정보가 한쪽 또는 양쪽에 없고 공식 환승 관계도 확인되지 않음 — 수동 검수 필요",,
REVIEW,MG-MG03-S121,MG-MG06-S121,,"잠정 병합(역명 일치 ""오산"", 지역 MUGUNGHWA) — 좌표 정보가 한쪽 또는 양쪽에 없고 공식 환승 관계도 확인되지 않음 — 수동 검수 필요",,
REVIEW,MG-MG03-S121,MG-MG07-S121,,"잠정 병합(역명 일치 ""오산"", 지역 MUGUNGHWA) — 좌표 정보가 한쪽 또는 양쪽에 없고 공식 환승 관계도 확인되지 않음 — 수동 검수 필요",,
REVIEW,MG-MG03-S121,MG-MG20-S121,,"잠정 병합(역명 일치 ""오산"", 지역 MUGUNGHWA) — 좌표 정보가 한쪽 또는 양쪽에 없고 공식 환승 관계도 확인되지 않음 — 수동 검수 필요",,
REVIEW,MG-MG03-S121,ITX-IS01-S121,,"잠정 병합(역명 일치 ""오산"", 지역 MUGUNGHWA) — 좌표 정보가 한쪽 또는 양쪽에 없고 공식 환승 관계도 확인되지 않음 — 수동 검수 필요",,
REVIEW,MG-MG03-S121,ITX-IS03-S121,,"잠정 병합(역명 일치 ""오산"", 지역 MUGUNGHWA) — 좌표 정보가 한쪽 또는 양쪽에 없고 공식 환승 관계도 확인되지 않음 — 수동 검수 필요",,
REVIEW,MG-MG06-S121,MG-MG07-S121,,"잠정 병합(역명 일치 ""오산"", 지역 MUGUNGHWA) — 좌표 정보가 한쪽 또는 양쪽에 없고 공식 환승 관계도 확인되지 않음 — 수동 검수 필요",,
REVIEW,MG-MG06-S121,MG-MG20-S121,,"잠정 병합(역명 일치 ""오산"", 지역 MUGUNGHWA) — 좌표 정보가 한쪽 또는 양쪽에 없고 공식 환승 관계도 확인되지 않음 — 수동 검수 필요",,
REVIEW,MG-MG06-S121,ITX-IS01-S121,,"잠정 병합(역명 일치 ""오산"", 지역 MUGUNGHWA) — 좌표 정보가 한쪽 또는 양쪽에 없고 공식 환승 관계도 확인되지 않음 — 수동 검수 필요",,
REVIEW,MG-MG06-S121,ITX-IS03-S121,,"잠정 병합(역명 일치 ""오산"", 지역 MUGUNGHWA) — 좌표 정보가 한쪽 또는 양쪽에 없고 공식 환승 관계도 확인되지 않음 — 수동 검수 필요",,
REVIEW,MG-MG07-S121,MG-MG20-S121,,"잠정 병합(역명 일치 ""오산"", 지역 MUGUNGHWA) — 좌표 정보가 한쪽 또는 양쪽에 없고 공식 환승 관계도 확인되지 않음 — 수동 검수 필요",,
REVIEW,MG-MG07-S121,ITX-IS01-S121,,"잠정 병합(역명 일치 ""오산"", 지역 MUGUNGHWA) — 좌표 정보가 한쪽 또는 양쪽에 없고 공식 환승 관계도 확인되지 않음 — 수동 검수 필요",,
REVIEW,MG-MG07-S121,ITX-IS03-S121,,"잠정 병합(역명 일치 ""오산"", 지역 MUGUNGHWA) — 좌표 정보가 한쪽 또는 양쪽에 없고 공식 환승 관계도 확인되지 않음 — 수동 검수 필요",,
REVIEW,MG-MG20-S121,ITX-IS01-S121,,"잠정 병합(역명 일치 ""오산"", 지역 MUGUNGHWA) — 좌표 정보가 한쪽 또는 양쪽에 없고 공식 환승 관계도 확인되지 않음 — 수동 검수 필요",,
REVIEW,MG-MG20-S121,ITX-IS03-S121,,"잠정 병합(역명 일치 ""오산"", 지역 MUGUNGHWA) — 좌표 정보가 한쪽 또는 양쪽에 없고 공식 환승 관계도 확인되지 않음 — 수동 검수 필요",,
REVIEW,ITX-IS01-S121,ITX-IS03-S121,,"잠정 병합(역명 일치 ""오산"", 지역 MUGUNGHWA) — 좌표 정보가 한쪽 또는 양쪽에 없고 공식 환승 관계도 확인되지 않음 — 수동 검수 필요",,
REVIEW,MG-MG03-S079,MG-MG05-S079,,"잠정 병합(역명 일치 ""서정리"", 지역 MUGUNGHWA) — 좌표 정보가 한쪽 또는 양쪽에 없고 공식 환승 관계도 확인되지 않음 — 수동 검수 필요",,
REVIEW,MG-MG03-S079,MG-MG06-S079,,"잠정 병합(역명 일치 ""서정리"", 지역 MUGUNGHWA) — 좌표 정보가 한쪽 또는 양쪽에 없고 공식 환승 관계도 확인되지 않음 — 수동 검수 필요",,
REVIEW,MG-MG03-S079,MG-MG07-S079,,"잠정 병합(역명 일치 ""서정리"", 지역 MUGUNGHWA) — 좌표 정보가 한쪽 또는 양쪽에 없고 공식 환승 관계도 확인되지 않음 — 수동 검수 필요",,
REVIEW,MG-MG03-S079,MG-MG20-S079,,"잠정 병합(역명 일치 ""서정리"", 지역 MUGUNGHWA) — 좌표 정보가 한쪽 또는 양쪽에 없고 공식 환승 관계도 확인되지 않음 — 수동 검수 필요",,
REVIEW,MG-MG03-S079,ITX-IS01-S079,,"잠정 병합(역명 일치 ""서정리"", 지역 MUGUNGHWA) — 좌표 정보가 한쪽 또는 양쪽에 없고 공식 환승 관계도 확인되지 않음 — 수동 검수 필요",,
REVIEW,MG-MG03-S079,ITX-IS03-S079,,"잠정 병합(역명 일치 ""서정리"", 지역 MUGUNGHWA) — 좌표 정보가 한쪽 또는 양쪽에 없고 공식 환승 관계도 확인되지 않음 — 수동 검수 필요",,
REVIEW,MG-MG03-S079,ITX-IS04-S079,,"잠정 병합(역명 일치 ""서정리"", 지역 MUGUNGHWA) — 좌표 정보가 한쪽 또는 양쪽에 없고 공식 환승 관계도 확인되지 않음 — 수동 검수 필요",,
REVIEW,MG-MG03-S079,ITX-IS05-S079,,"잠정 병합(역명 일치 ""서정리"", 지역 MUGUNGHWA) — 좌표 정보가 한쪽 또는 양쪽에 없고 공식 환승 관계도 확인되지 않음 — 수동 검수 필요",,
REVIEW,MG-MG05-S079,MG-MG06-S079,,"잠정 병합(역명 일치 ""서정리"", 지역 MUGUNGHWA) — 좌표 정보가 한쪽 또는 양쪽에 없고 공식 환승 관계도 확인되지 않음 — 수동 검수 필요",,
REVIEW,MG-MG05-S079,MG-MG07-S079,,"잠정 병합(역명 일치 ""서정리"", 지역 MUGUNGHWA) — 좌표 정보가 한쪽 또는 양쪽에 없고 공식 환승 관계도 확인되지 않음 — 수동 검수 필요",,
REVIEW,MG-MG05-S079,MG-MG20-S079,,"잠정 병합(역명 일치 ""서정리"", 지역 MUGUNGHWA) — 좌표 정보가 한쪽 또는 양쪽에 없고 공식 환승 관계도 확인되지 않음 — 수동 검수 필요",,
REVIEW,MG-MG05-S079,ITX-IS01-S079,,"잠정 병합(역명 일치 ""서정리"", 지역 MUGUNGHWA) — 좌표 정보가 한쪽 또는 양쪽에 없고 공식 환승 관계도 확인되지 않음 — 수동 검수 필요",,
REVIEW,MG-MG05-S079,ITX-IS03-S079,,"잠정 병합(역명 일치 ""서정리"", 지역 MUGUNGHWA) — 좌표 정보가 한쪽 또는 양쪽에 없고 공식 환승 관계도 확인되지 않음 — 수동 검수 필요",,
REVIEW,MG-MG05-S079,ITX-IS04-S079,,"잠정 병합(역명 일치 ""서정리"", 지역 MUGUNGHWA) — 좌표 정보가 한쪽 또는 양쪽에 없고 공식 환승 관계도 확인되지 않음 — 수동 검수 필요",,
REVIEW,MG-MG05-S079,ITX-IS05-S079,,"잠정 병합(역명 일치 ""서정리"", 지역 MUGUNGHWA) — 좌표 정보가 한쪽 또는 양쪽에 없고 공식 환승 관계도 확인되지 않음 — 수동 검수 필요",,
REVIEW,MG-MG06-S079,MG-MG07-S079,,"잠정 병합(역명 일치 ""서정리"", 지역 MUGUNGHWA) — 좌표 정보가 한쪽 또는 양쪽에 없고 공식 환승 관계도 확인되지 않음 — 수동 검수 필요",,
REVIEW,MG-MG06-S079,MG-MG20-S079,,"잠정 병합(역명 일치 ""서정리"", 지역 MUGUNGHWA) — 좌표 정보가 한쪽 또는 양쪽에 없고 공식 환승 관계도 확인되지 않음 — 수동 검수 필요",,
REVIEW,MG-MG06-S079,ITX-IS01-S079,,"잠정 병합(역명 일치 ""서정리"", 지역 MUGUNGHWA) — 좌표 정보가 한쪽 또는 양쪽에 없고 공식 환승 관계도 확인되지 않음 — 수동 검수 필요",,
REVIEW,MG-MG06-S079,ITX-IS03-S079,,"잠정 병합(역명 일치 ""서정리"", 지역 MUGUNGHWA) — 좌표 정보가 한쪽 또는 양쪽에 없고 공식 환승 관계도 확인되지 않음 — 수동 검수 필요",,
REVIEW,MG-MG06-S079,ITX-IS04-S079,,"잠정 병합(역명 일치 ""서정리"", 지역 MUGUNGHWA) — 좌표 정보가 한쪽 또는 양쪽에 없고 공식 환승 관계도 확인되지 않음 — 수동 검수 필요",,
REVIEW,MG-MG06-S079,ITX-IS05-S079,,"잠정 병합(역명 일치 ""서정리"", 지역 MUGUNGHWA) — 좌표 정보가 한쪽 또는 양쪽에 없고 공식 환승 관계도 확인되지 않음 — 수동 검수 필요",,
REVIEW,MG-MG07-S079,MG-MG20-S079,,"잠정 병합(역명 일치 ""서정리"", 지역 MUGUNGHWA) — 좌표 정보가 한쪽 또는 양쪽에 없고 공식 환승 관계도 확인되지 않음 — 수동 검수 필요",,
REVIEW,MG-MG07-S079,ITX-IS01-S079,,"잠정 병합(역명 일치 ""서정리"", 지역 MUGUNGHWA) — 좌표 정보가 한쪽 또는 양쪽에 없고 공식 환승 관계도 확인되지 않음 — 수동 검수 필요",,
REVIEW,MG-MG07-S079,ITX-IS03-S079,,"잠정 병합(역명 일치 ""서정리"", 지역 MUGUNGHWA) — 좌표 정보가 한쪽 또는 양쪽에 없고 공식 환승 관계도 확인되지 않음 — 수동 검수 필요",,
REVIEW,MG-MG07-S079,ITX-IS04-S079,,"잠정 병합(역명 일치 ""서정리"", 지역 MUGUNGHWA) — 좌표 정보가 한쪽 또는 양쪽에 없고 공식 환승 관계도 확인되지 않음 — 수동 검수 필요",,
REVIEW,MG-MG07-S079,ITX-IS05-S079,,"잠정 병합(역명 일치 ""서정리"", 지역 MUGUNGHWA) — 좌표 정보가 한쪽 또는 양쪽에 없고 공식 환승 관계도 확인되지 않음 — 수동 검수 필요",,
REVIEW,MG-MG20-S079,ITX-IS01-S079,,"잠정 병합(역명 일치 ""서정리"", 지역 MUGUNGHWA) — 좌표 정보가 한쪽 또는 양쪽에 없고 공식 환승 관계도 확인되지 않음 — 수동 검수 필요",,
REVIEW,MG-MG20-S079,ITX-IS03-S079,,"잠정 병합(역명 일치 ""서정리"", 지역 MUGUNGHWA) — 좌표 정보가 한쪽 또는 양쪽에 없고 공식 환승 관계도 확인되지 않음 — 수동 검수 필요",,
REVIEW,MG-MG20-S079,ITX-IS04-S079,,"잠정 병합(역명 일치 ""서정리"", 지역 MUGUNGHWA) — 좌표 정보가 한쪽 또는 양쪽에 없고 공식 환승 관계도 확인되지 않음 — 수동 검수 필요",,
REVIEW,MG-MG20-S079,ITX-IS05-S079,,"잠정 병합(역명 일치 ""서정리"", 지역 MUGUNGHWA) — 좌표 정보가 한쪽 또는 양쪽에 없고 공식 환승 관계도 확인되지 않음 — 수동 검수 필요",,
REVIEW,ITX-IS01-S079,ITX-IS03-S079,,"잠정 병합(역명 일치 ""서정리"", 지역 MUGUNGHWA) — 좌표 정보가 한쪽 또는 양쪽에 없고 공식 환승 관계도 확인되지 않음 — 수동 검수 필요",,
REVIEW,ITX-IS01-S079,ITX-IS04-S079,,"잠정 병합(역명 일치 ""서정리"", 지역 MUGUNGHWA) — 좌표 정보가 한쪽 또는 양쪽에 없고 공식 환승 관계도 확인되지 않음 — 수동 검수 필요",,
REVIEW,ITX-IS01-S079,ITX-IS05-S079,,"잠정 병합(역명 일치 ""서정리"", 지역 MUGUNGHWA) — 좌표 정보가 한쪽 또는 양쪽에 없고 공식 환승 관계도 확인되지 않음 — 수동 검수 필요",,
REVIEW,ITX-IS03-S079,ITX-IS04-S079,,"잠정 병합(역명 일치 ""서정리"", 지역 MUGUNGHWA) — 좌표 정보가 한쪽 또는 양쪽에 없고 공식 환승 관계도 확인되지 않음 — 수동 검수 필요",,
REVIEW,ITX-IS03-S079,ITX-IS05-S079,,"잠정 병합(역명 일치 ""서정리"", 지역 MUGUNGHWA) — 좌표 정보가 한쪽 또는 양쪽에 없고 공식 환승 관계도 확인되지 않음 — 수동 검수 필요",,
REVIEW,ITX-IS04-S079,ITX-IS05-S079,,"잠정 병합(역명 일치 ""서정리"", 지역 MUGUNGHWA) — 좌표 정보가 한쪽 또는 양쪽에 없고 공식 환승 관계도 확인되지 않음 — 수동 검수 필요",,
REVIEW,GL-경부선-SRT-S084,GL-호남선-SRT-S084,,"잠정 병합(역명 일치 ""평택지제"", 지역 KTX) — 좌표 정보가 한쪽 또는 양쪽에 없고 공식 환승 관계도 확인되지 않음 — 수동 검수 필요",,
REVIEW,GL-경부선-SRT-S084,GL-전라선-SRT-S084,,"잠정 병합(역명 일치 ""평택지제"", 지역 KTX) — 좌표 정보가 한쪽 또는 양쪽에 없고 공식 환승 관계도 확인되지 않음 — 수동 검수 필요",,
REVIEW,GL-경부선-SRT-S084,GL-동해선-SRT-S084,,"잠정 병합(역명 일치 ""평택지제"", 지역 KTX) — 좌표 정보가 한쪽 또는 양쪽에 없고 공식 환승 관계도 확인되지 않음 — 수동 검수 필요",,
REVIEW,GL-경부선-SRT-S084,GL-경전선-SRT-S084,,"잠정 병합(역명 일치 ""평택지제"", 지역 KTX) — 좌표 정보가 한쪽 또는 양쪽에 없고 공식 환승 관계도 확인되지 않음 — 수동 검수 필요",,
REVIEW,GL-호남선-SRT-S084,GL-전라선-SRT-S084,,"잠정 병합(역명 일치 ""평택지제"", 지역 KTX) — 좌표 정보가 한쪽 또는 양쪽에 없고 공식 환승 관계도 확인되지 않음 — 수동 검수 필요",,
REVIEW,GL-호남선-SRT-S084,GL-동해선-SRT-S084,,"잠정 병합(역명 일치 ""평택지제"", 지역 KTX) — 좌표 정보가 한쪽 또는 양쪽에 없고 공식 환승 관계도 확인되지 않음 — 수동 검수 필요",,
REVIEW,GL-호남선-SRT-S084,GL-경전선-SRT-S084,,"잠정 병합(역명 일치 ""평택지제"", 지역 KTX) — 좌표 정보가 한쪽 또는 양쪽에 없고 공식 환승 관계도 확인되지 않음 — 수동 검수 필요",,
REVIEW,GL-전라선-SRT-S084,GL-동해선-SRT-S084,,"잠정 병합(역명 일치 ""평택지제"", 지역 KTX) — 좌표 정보가 한쪽 또는 양쪽에 없고 공식 환승 관계도 확인되지 않음 — 수동 검수 필요",,
REVIEW,GL-전라선-SRT-S084,GL-경전선-SRT-S084,,"잠정 병합(역명 일치 ""평택지제"", 지역 KTX) — 좌표 정보가 한쪽 또는 양쪽에 없고 공식 환승 관계도 확인되지 않음 — 수동 검수 필요",,
REVIEW,GL-동해선-SRT-S084,GL-경전선-SRT-S084,,"잠정 병합(역명 일치 ""평택지제"", 지역 KTX) — 좌표 정보가 한쪽 또는 양쪽에 없고 공식 환승 관계도 확인되지 않음 — 수동 검수 필요",,
REVIEW,MG-MG03-S185,MG-MG04-S185,,"잠정 병합(역명 일치 ""평택"", 지역 MUGUNGHWA) — 좌표 정보가 한쪽 또는 양쪽에 없고 공식 환승 관계도 확인되지 않음 — 수동 검수 필요",,
REVIEW,MG-MG03-S185,MG-MG05-S185,,"잠정 병합(역명 일치 ""평택"", 지역 MUGUNGHWA) — 좌표 정보가 한쪽 또는 양쪽에 없고 공식 환승 관계도 확인되지 않음 — 수동 검수 필요",,
REVIEW,MG-MG03-S185,MG-MG06-S185,,"잠정 병합(역명 일치 ""평택"", 지역 MUGUNGHWA) — 좌표 정보가 한쪽 또는 양쪽에 없고 공식 환승 관계도 확인되지 않음 — 수동 검수 필요",,
REVIEW,MG-MG03-S185,MG-MG07-S185,,"잠정 병합(역명 일치 ""평택"", 지역 MUGUNGHWA) — 좌표 정보가 한쪽 또는 양쪽에 없고 공식 환승 관계도 확인되지 않음 — 수동 검수 필요",,
REVIEW,MG-MG03-S185,MG-MG20-S185,,"잠정 병합(역명 일치 ""평택"", 지역 MUGUNGHWA) — 좌표 정보가 한쪽 또는 양쪽에 없고 공식 환승 관계도 확인되지 않음 — 수동 검수 필요",,
REVIEW,MG-MG03-S185,ITX-IS01-S185,,"잠정 병합(역명 일치 ""평택"", 지역 MUGUNGHWA) — 좌표 정보가 한쪽 또는 양쪽에 없고 공식 환승 관계도 확인되지 않음 — 수동 검수 필요",,
REVIEW,MG-MG03-S185,ITX-IS02-S185,,"잠정 병합(역명 일치 ""평택"", 지역 MUGUNGHWA) — 좌표 정보가 한쪽 또는 양쪽에 없고 공식 환승 관계도 확인되지 않음 — 수동 검수 필요",,
REVIEW,MG-MG03-S185,ITX-IS03-S185,,"잠정 병합(역명 일치 ""평택"", 지역 MUGUNGHWA) — 좌표 정보가 한쪽 또는 양쪽에 없고 공식 환승 관계도 확인되지 않음 — 수동 검수 필요",,
REVIEW,MG-MG03-S185,ITX-IS04-S185,,"잠정 병합(역명 일치 ""평택"", 지역 MUGUNGHWA) — 좌표 정보가 한쪽 또는 양쪽에 없고 공식 환승 관계도 확인되지 않음 — 수동 검수 필요",,
REVIEW,MG-MG03-S185,ITX-IS05-S185,,"잠정 병합(역명 일치 ""평택"", 지역 MUGUNGHWA) — 좌표 정보가 한쪽 또는 양쪽에 없고 공식 환승 관계도 확인되지 않음 — 수동 검수 필요",,
REVIEW,MG-MG04-S185,MG-MG05-S185,,"잠정 병합(역명 일치 ""평택"", 지역 MUGUNGHWA) — 좌표 정보가 한쪽 또는 양쪽에 없고 공식 환승 관계도 확인되지 않음 — 수동 검수 필요",,
REVIEW,MG-MG04-S185,MG-MG06-S185,,"잠정 병합(역명 일치 ""평택"", 지역 MUGUNGHWA) — 좌표 정보가 한쪽 또는 양쪽에 없고 공식 환승 관계도 확인되지 않음 — 수동 검수 필요",,
REVIEW,MG-MG04-S185,MG-MG07-S185,,"잠정 병합(역명 일치 ""평택"", 지역 MUGUNGHWA) — 좌표 정보가 한쪽 또는 양쪽에 없고 공식 환승 관계도 확인되지 않음 — 수동 검수 필요",,
REVIEW,MG-MG04-S185,MG-MG20-S185,,"잠정 병합(역명 일치 ""평택"", 지역 MUGUNGHWA) — 좌표 정보가 한쪽 또는 양쪽에 없고 공식 환승 관계도 확인되지 않음 — 수동 검수 필요",,
REVIEW,MG-MG04-S185,ITX-IS01-S185,,"잠정 병합(역명 일치 ""평택"", 지역 MUGUNGHWA) — 좌표 정보가 한쪽 또는 양쪽에 없고 공식 환승 관계도 확인되지 않음 — 수동 검수 필요",,
REVIEW,MG-MG04-S185,ITX-IS02-S185,,"잠정 병합(역명 일치 ""평택"", 지역 MUGUNGHWA) — 좌표 정보가 한쪽 또는 양쪽에 없고 공식 환승 관계도 확인되지 않음 — 수동 검수 필요",,
REVIEW,MG-MG04-S185,ITX-IS03-S185,,"잠정 병합(역명 일치 ""평택"", 지역 MUGUNGHWA) — 좌표 정보가 한쪽 또는 양쪽에 없고 공식 환승 관계도 확인되지 않음 — 수동 검수 필요",,
REVIEW,MG-MG04-S185,ITX-IS04-S185,,"잠정 병합(역명 일치 ""평택"", 지역 MUGUNGHWA) — 좌표 정보가 한쪽 또는 양쪽에 없고 공식 환승 관계도 확인되지 않음 — 수동 검수 필요",,
REVIEW,MG-MG04-S185,ITX-IS05-S185,,"잠정 병합(역명 일치 ""평택"", 지역 MUGUNGHWA) — 좌표 정보가 한쪽 또는 양쪽에 없고 공식 환승 관계도 확인되지 않음 — 수동 검수 필요",,
REVIEW,MG-MG05-S185,MG-MG06-S185,,"잠정 병합(역명 일치 ""평택"", 지역 MUGUNGHWA) — 좌표 정보가 한쪽 또는 양쪽에 없고 공식 환승 관계도 확인되지 않음 — 수동 검수 필요",,
REVIEW,MG-MG05-S185,MG-MG07-S185,,"잠정 병합(역명 일치 ""평택"", 지역 MUGUNGHWA) — 좌표 정보가 한쪽 또는 양쪽에 없고 공식 환승 관계도 확인되지 않음 — 수동 검수 필요",,
REVIEW,MG-MG05-S185,MG-MG20-S185,,"잠정 병합(역명 일치 ""평택"", 지역 MUGUNGHWA) — 좌표 정보가 한쪽 또는 양쪽에 없고 공식 환승 관계도 확인되지 않음 — 수동 검수 필요",,
REVIEW,MG-MG05-S185,ITX-IS01-S185,,"잠정 병합(역명 일치 ""평택"", 지역 MUGUNGHWA) — 좌표 정보가 한쪽 또는 양쪽에 없고 공식 환승 관계도 확인되지 않음 — 수동 검수 필요",,
REVIEW,MG-MG05-S185,ITX-IS02-S185,,"잠정 병합(역명 일치 ""평택"", 지역 MUGUNGHWA) — 좌표 정보가 한쪽 또는 양쪽에 없고 공식 환승 관계도 확인되지 않음 — 수동 검수 필요",,
REVIEW,MG-MG05-S185,ITX-IS03-S185,,"잠정 병합(역명 일치 ""평택"", 지역 MUGUNGHWA) — 좌표 정보가 한쪽 또는 양쪽에 없고 공식 환승 관계도 확인되지 않음 — 수동 검수 필요",,
REVIEW,MG-MG05-S185,ITX-IS04-S185,,"잠정 병합(역명 일치 ""평택"", 지역 MUGUNGHWA) — 좌표 정보가 한쪽 또는 양쪽에 없고 공식 환승 관계도 확인되지 않음 — 수동 검수 필요",,
REVIEW,MG-MG05-S185,ITX-IS05-S185,,"잠정 병합(역명 일치 ""평택"", 지역 MUGUNGHWA) — 좌표 정보가 한쪽 또는 양쪽에 없고 공식 환승 관계도 확인되지 않음 — 수동 검수 필요",,
REVIEW,MG-MG06-S185,MG-MG07-S185,,"잠정 병합(역명 일치 ""평택"", 지역 MUGUNGHWA) — 좌표 정보가 한쪽 또는 양쪽에 없고 공식 환승 관계도 확인되지 않음 — 수동 검수 필요",,
REVIEW,MG-MG06-S185,MG-MG20-S185,,"잠정 병합(역명 일치 ""평택"", 지역 MUGUNGHWA) — 좌표 정보가 한쪽 또는 양쪽에 없고 공식 환승 관계도 확인되지 않음 — 수동 검수 필요",,
REVIEW,MG-MG06-S185,ITX-IS01-S185,,"잠정 병합(역명 일치 ""평택"", 지역 MUGUNGHWA) — 좌표 정보가 한쪽 또는 양쪽에 없고 공식 환승 관계도 확인되지 않음 — 수동 검수 필요",,
REVIEW,MG-MG06-S185,ITX-IS02-S185,,"잠정 병합(역명 일치 ""평택"", 지역 MUGUNGHWA) — 좌표 정보가 한쪽 또는 양쪽에 없고 공식 환승 관계도 확인되지 않음 — 수동 검수 필요",,
REVIEW,MG-MG06-S185,ITX-IS03-S185,,"잠정 병합(역명 일치 ""평택"", 지역 MUGUNGHWA) — 좌표 정보가 한쪽 또는 양쪽에 없고 공식 환승 관계도 확인되지 않음 — 수동 검수 필요",,
REVIEW,MG-MG06-S185,ITX-IS04-S185,,"잠정 병합(역명 일치 ""평택"", 지역 MUGUNGHWA) — 좌표 정보가 한쪽 또는 양쪽에 없고 공식 환승 관계도 확인되지 않음 — 수동 검수 필요",,
REVIEW,MG-MG06-S185,ITX-IS05-S185,,"잠정 병합(역명 일치 ""평택"", 지역 MUGUNGHWA) — 좌표 정보가 한쪽 또는 양쪽에 없고 공식 환승 관계도 확인되지 않음 — 수동 검수 필요",,
REVIEW,MG-MG07-S185,MG-MG20-S185,,"잠정 병합(역명 일치 ""평택"", 지역 MUGUNGHWA) — 좌표 정보가 한쪽 또는 양쪽에 없고 공식 환승 관계도 확인되지 않음 — 수동 검수 필요",,
REVIEW,MG-MG07-S185,ITX-IS01-S185,,"잠정 병합(역명 일치 ""평택"", 지역 MUGUNGHWA) — 좌표 정보가 한쪽 또는 양쪽에 없고 공식 환승 관계도 확인되지 않음 — 수동 검수 필요",,
REVIEW,MG-MG07-S185,ITX-IS02-S185,,"잠정 병합(역명 일치 ""평택"", 지역 MUGUNGHWA) — 좌표 정보가 한쪽 또는 양쪽에 없고 공식 환승 관계도 확인되지 않음 — 수동 검수 필요",,
REVIEW,MG-MG07-S185,ITX-IS03-S185,,"잠정 병합(역명 일치 ""평택"", 지역 MUGUNGHWA) — 좌표 정보가 한쪽 또는 양쪽에 없고 공식 환승 관계도 확인되지 않음 — 수동 검수 필요",,
REVIEW,MG-MG07-S185,ITX-IS04-S185,,"잠정 병합(역명 일치 ""평택"", 지역 MUGUNGHWA) — 좌표 정보가 한쪽 또는 양쪽에 없고 공식 환승 관계도 확인되지 않음 — 수동 검수 필요",,
REVIEW,MG-MG07-S185,ITX-IS05-S185,,"잠정 병합(역명 일치 ""평택"", 지역 MUGUNGHWA) — 좌표 정보가 한쪽 또는 양쪽에 없고 공식 환승 관계도 확인되지 않음 — 수동 검수 필요",,
REVIEW,MG-MG20-S185,ITX-IS01-S185,,"잠정 병합(역명 일치 ""평택"", 지역 MUGUNGHWA) — 좌표 정보가 한쪽 또는 양쪽에 없고 공식 환승 관계도 확인되지 않음 — 수동 검수 필요",,
REVIEW,MG-MG20-S185,ITX-IS02-S185,,"잠정 병합(역명 일치 ""평택"", 지역 MUGUNGHWA) — 좌표 정보가 한쪽 또는 양쪽에 없고 공식 환승 관계도 확인되지 않음 — 수동 검수 필요",,
REVIEW,MG-MG20-S185,ITX-IS03-S185,,"잠정 병합(역명 일치 ""평택"", 지역 MUGUNGHWA) — 좌표 정보가 한쪽 또는 양쪽에 없고 공식 환승 관계도 확인되지 않음 — 수동 검수 필요",,
REVIEW,MG-MG20-S185,ITX-IS04-S185,,"잠정 병합(역명 일치 ""평택"", 지역 MUGUNGHWA) — 좌표 정보가 한쪽 또는 양쪽에 없고 공식 환승 관계도 확인되지 않음 — 수동 검수 필요",,
REVIEW,MG-MG20-S185,ITX-IS05-S185,,"잠정 병합(역명 일치 ""평택"", 지역 MUGUNGHWA) — 좌표 정보가 한쪽 또는 양쪽에 없고 공식 환승 관계도 확인되지 않음 — 수동 검수 필요",,
REVIEW,ITX-IS01-S185,ITX-IS02-S185,,"잠정 병합(역명 일치 ""평택"", 지역 MUGUNGHWA) — 좌표 정보가 한쪽 또는 양쪽에 없고 공식 환승 관계도 확인되지 않음 — 수동 검수 필요",,
REVIEW,ITX-IS01-S185,ITX-IS03-S185,,"잠정 병합(역명 일치 ""평택"", 지역 MUGUNGHWA) — 좌표 정보가 한쪽 또는 양쪽에 없고 공식 환승 관계도 확인되지 않음 — 수동 검수 필요",,
REVIEW,ITX-IS01-S185,ITX-IS04-S185,,"잠정 병합(역명 일치 ""평택"", 지역 MUGUNGHWA) — 좌표 정보가 한쪽 또는 양쪽에 없고 공식 환승 관계도 확인되지 않음 — 수동 검수 필요",,
REVIEW,ITX-IS01-S185,ITX-IS05-S185,,"잠정 병합(역명 일치 ""평택"", 지역 MUGUNGHWA) — 좌표 정보가 한쪽 또는 양쪽에 없고 공식 환승 관계도 확인되지 않음 — 수동 검수 필요",,
REVIEW,ITX-IS02-S185,ITX-IS03-S185,,"잠정 병합(역명 일치 ""평택"", 지역 MUGUNGHWA) — 좌표 정보가 한쪽 또는 양쪽에 없고 공식 환승 관계도 확인되지 않음 — 수동 검수 필요",,
REVIEW,ITX-IS02-S185,ITX-IS04-S185,,"잠정 병합(역명 일치 ""평택"", 지역 MUGUNGHWA) — 좌표 정보가 한쪽 또는 양쪽에 없고 공식 환승 관계도 확인되지 않음 — 수동 검수 필요",,
REVIEW,ITX-IS02-S185,ITX-IS05-S185,,"잠정 병합(역명 일치 ""평택"", 지역 MUGUNGHWA) — 좌표 정보가 한쪽 또는 양쪽에 없고 공식 환승 관계도 확인되지 않음 — 수동 검수 필요",,
REVIEW,ITX-IS03-S185,ITX-IS04-S185,,"잠정 병합(역명 일치 ""평택"", 지역 MUGUNGHWA) — 좌표 정보가 한쪽 또는 양쪽에 없고 공식 환승 관계도 확인되지 않음 — 수동 검수 필요",,
REVIEW,ITX-IS03-S185,ITX-IS05-S185,,"잠정 병합(역명 일치 ""평택"", 지역 MUGUNGHWA) — 좌표 정보가 한쪽 또는 양쪽에 없고 공식 환승 관계도 확인되지 않음 — 수동 검수 필요",,
REVIEW,ITX-IS04-S185,ITX-IS05-S185,,"잠정 병합(역명 일치 ""평택"", 지역 MUGUNGHWA) — 좌표 정보가 한쪽 또는 양쪽에 없고 공식 환승 관계도 확인되지 않음 — 수동 검수 필요",,
REVIEW,MG-MG03-S083,MG-MG05-S083,,"잠정 병합(역명 일치 ""성환"", 지역 MUGUNGHWA) — 좌표 정보가 한쪽 또는 양쪽에 없고 공식 환승 관계도 확인되지 않음 — 수동 검수 필요",,
REVIEW,MG-MG03-S083,MG-MG06-S083,,"잠정 병합(역명 일치 ""성환"", 지역 MUGUNGHWA) — 좌표 정보가 한쪽 또는 양쪽에 없고 공식 환승 관계도 확인되지 않음 — 수동 검수 필요",,
REVIEW,MG-MG03-S083,MG-MG07-S083,,"잠정 병합(역명 일치 ""성환"", 지역 MUGUNGHWA) — 좌표 정보가 한쪽 또는 양쪽에 없고 공식 환승 관계도 확인되지 않음 — 수동 검수 필요",,
REVIEW,MG-MG03-S083,MG-MG20-S083,,"잠정 병합(역명 일치 ""성환"", 지역 MUGUNGHWA) — 좌표 정보가 한쪽 또는 양쪽에 없고 공식 환승 관계도 확인되지 않음 — 수동 검수 필요",,
REVIEW,MG-MG03-S083,ITX-IS01-S083,,"잠정 병합(역명 일치 ""성환"", 지역 MUGUNGHWA) — 좌표 정보가 한쪽 또는 양쪽에 없고 공식 환승 관계도 확인되지 않음 — 수동 검수 필요",,
REVIEW,MG-MG03-S083,ITX-IS04-S083,,"잠정 병합(역명 일치 ""성환"", 지역 MUGUNGHWA) — 좌표 정보가 한쪽 또는 양쪽에 없고 공식 환승 관계도 확인되지 않음 — 수동 검수 필요",,
REVIEW,MG-MG05-S083,MG-MG06-S083,,"잠정 병합(역명 일치 ""성환"", 지역 MUGUNGHWA) — 좌표 정보가 한쪽 또는 양쪽에 없고 공식 환승 관계도 확인되지 않음 — 수동 검수 필요",,
REVIEW,MG-MG05-S083,MG-MG07-S083,,"잠정 병합(역명 일치 ""성환"", 지역 MUGUNGHWA) — 좌표 정보가 한쪽 또는 양쪽에 없고 공식 환승 관계도 확인되지 않음 — 수동 검수 필요",,
REVIEW,MG-MG05-S083,MG-MG20-S083,,"잠정 병합(역명 일치 ""성환"", 지역 MUGUNGHWA) — 좌표 정보가 한쪽 또는 양쪽에 없고 공식 환승 관계도 확인되지 않음 — 수동 검수 필요",,
REVIEW,MG-MG05-S083,ITX-IS01-S083,,"잠정 병합(역명 일치 ""성환"", 지역 MUGUNGHWA) — 좌표 정보가 한쪽 또는 양쪽에 없고 공식 환승 관계도 확인되지 않음 — 수동 검수 필요",,
REVIEW,MG-MG05-S083,ITX-IS04-S083,,"잠정 병합(역명 일치 ""성환"", 지역 MUGUNGHWA) — 좌표 정보가 한쪽 또는 양쪽에 없고 공식 환승 관계도 확인되지 않음 — 수동 검수 필요",,
REVIEW,MG-MG06-S083,MG-MG07-S083,,"잠정 병합(역명 일치 ""성환"", 지역 MUGUNGHWA) — 좌표 정보가 한쪽 또는 양쪽에 없고 공식 환승 관계도 확인되지 않음 — 수동 검수 필요",,
REVIEW,MG-MG06-S083,MG-MG20-S083,,"잠정 병합(역명 일치 ""성환"", 지역 MUGUNGHWA) — 좌표 정보가 한쪽 또는 양쪽에 없고 공식 환승 관계도 확인되지 않음 — 수동 검수 필요",,
REVIEW,MG-MG06-S083,ITX-IS01-S083,,"잠정 병합(역명 일치 ""성환"", 지역 MUGUNGHWA) — 좌표 정보가 한쪽 또는 양쪽에 없고 공식 환승 관계도 확인되지 않음 — 수동 검수 필요",,
REVIEW,MG-MG06-S083,ITX-IS04-S083,,"잠정 병합(역명 일치 ""성환"", 지역 MUGUNGHWA) — 좌표 정보가 한쪽 또는 양쪽에 없고 공식 환승 관계도 확인되지 않음 — 수동 검수 필요",,
REVIEW,MG-MG07-S083,MG-MG20-S083,,"잠정 병합(역명 일치 ""성환"", 지역 MUGUNGHWA) — 좌표 정보가 한쪽 또는 양쪽에 없고 공식 환승 관계도 확인되지 않음 — 수동 검수 필요",,
REVIEW,MG-MG07-S083,ITX-IS01-S083,,"잠정 병합(역명 일치 ""성환"", 지역 MUGUNGHWA) — 좌표 정보가 한쪽 또는 양쪽에 없고 공식 환승 관계도 확인되지 않음 — 수동 검수 필요",,
REVIEW,MG-MG07-S083,ITX-IS04-S083,,"잠정 병합(역명 일치 ""성환"", 지역 MUGUNGHWA) — 좌표 정보가 한쪽 또는 양쪽에 없고 공식 환승 관계도 확인되지 않음 — 수동 검수 필요",,
REVIEW,MG-MG20-S083,ITX-IS01-S083,,"잠정 병합(역명 일치 ""성환"", 지역 MUGUNGHWA) — 좌표 정보가 한쪽 또는 양쪽에 없고 공식 환승 관계도 확인되지 않음 — 수동 검수 필요",,
REVIEW,MG-MG20-S083,ITX-IS04-S083,,"잠정 병합(역명 일치 ""성환"", 지역 MUGUNGHWA) — 좌표 정보가 한쪽 또는 양쪽에 없고 공식 환승 관계도 확인되지 않음 — 수동 검수 필요",,
REVIEW,ITX-IS01-S083,ITX-IS04-S083,,"잠정 병합(역명 일치 ""성환"", 지역 MUGUNGHWA) — 좌표 정보가 한쪽 또는 양쪽에 없고 공식 환승 관계도 확인되지 않음 — 수동 검수 필요",,
REVIEW,MG-MG03-S171,MG-MG04-S171,,"잠정 병합(역명 일치 ""천안"", 지역 MUGUNGHWA) — 좌표 정보가 한쪽 또는 양쪽에 없고 공식 환승 관계도 확인되지 않음 — 수동 검수 필요",,
REVIEW,MG-MG03-S171,MG-MG05-S171,,"잠정 병합(역명 일치 ""천안"", 지역 MUGUNGHWA) — 좌표 정보가 한쪽 또는 양쪽에 없고 공식 환승 관계도 확인되지 않음 — 수동 검수 필요",,
REVIEW,MG-MG03-S171,MG-MG06-S171,,"잠정 병합(역명 일치 ""천안"", 지역 MUGUNGHWA) — 좌표 정보가 한쪽 또는 양쪽에 없고 공식 환승 관계도 확인되지 않음 — 수동 검수 필요",,
REVIEW,MG-MG03-S171,MG-MG07-S171,,"잠정 병합(역명 일치 ""천안"", 지역 MUGUNGHWA) — 좌표 정보가 한쪽 또는 양쪽에 없고 공식 환승 관계도 확인되지 않음 — 수동 검수 필요",,
REVIEW,MG-MG03-S171,MG-MG20-S171,,"잠정 병합(역명 일치 ""천안"", 지역 MUGUNGHWA) — 좌표 정보가 한쪽 또는 양쪽에 없고 공식 환승 관계도 확인되지 않음 — 수동 검수 필요",,
REVIEW,MG-MG03-S171,ITX-IS01-S171,,"잠정 병합(역명 일치 ""천안"", 지역 MUGUNGHWA) — 좌표 정보가 한쪽 또는 양쪽에 없고 공식 환승 관계도 확인되지 않음 — 수동 검수 필요",,
REVIEW,MG-MG03-S171,ITX-IS02-S171,,"잠정 병합(역명 일치 ""천안"", 지역 MUGUNGHWA) — 좌표 정보가 한쪽 또는 양쪽에 없고 공식 환승 관계도 확인되지 않음 — 수동 검수 필요",,
REVIEW,MG-MG03-S171,ITX-IS03-S171,,"잠정 병합(역명 일치 ""천안"", 지역 MUGUNGHWA) — 좌표 정보가 한쪽 또는 양쪽에 없고 공식 환승 관계도 확인되지 않음 — 수동 검수 필요",,
REVIEW,MG-MG03-S171,ITX-IS04-S171,,"잠정 병합(역명 일치 ""천안"", 지역 MUGUNGHWA) — 좌표 정보가 한쪽 또는 양쪽에 없고 공식 환승 관계도 확인되지 않음 — 수동 검수 필요",,
REVIEW,MG-MG03-S171,ITX-IS05-S171,,"잠정 병합(역명 일치 ""천안"", 지역 MUGUNGHWA) — 좌표 정보가 한쪽 또는 양쪽에 없고 공식 환승 관계도 확인되지 않음 — 수동 검수 필요",,
REVIEW,MG-MG04-S171,MG-MG05-S171,,"잠정 병합(역명 일치 ""천안"", 지역 MUGUNGHWA) — 좌표 정보가 한쪽 또는 양쪽에 없고 공식 환승 관계도 확인되지 않음 — 수동 검수 필요",,
REVIEW,MG-MG04-S171,MG-MG06-S171,,"잠정 병합(역명 일치 ""천안"", 지역 MUGUNGHWA) — 좌표 정보가 한쪽 또는 양쪽에 없고 공식 환승 관계도 확인되지 않음 — 수동 검수 필요",,
REVIEW,MG-MG04-S171,MG-MG07-S171,,"잠정 병합(역명 일치 ""천안"", 지역 MUGUNGHWA) — 좌표 정보가 한쪽 또는 양쪽에 없고 공식 환승 관계도 확인되지 않음 — 수동 검수 필요",,
REVIEW,MG-MG04-S171,MG-MG20-S171,,"잠정 병합(역명 일치 ""천안"", 지역 MUGUNGHWA) — 좌표 정보가 한쪽 또는 양쪽에 없고 공식 환승 관계도 확인되지 않음 — 수동 검수 필요",,
REVIEW,MG-MG04-S171,ITX-IS01-S171,,"잠정 병합(역명 일치 ""천안"", 지역 MUGUNGHWA) — 좌표 정보가 한쪽 또는 양쪽에 없고 공식 환승 관계도 확인되지 않음 — 수동 검수 필요",,
REVIEW,MG-MG04-S171,ITX-IS02-S171,,"잠정 병합(역명 일치 ""천안"", 지역 MUGUNGHWA) — 좌표 정보가 한쪽 또는 양쪽에 없고 공식 환승 관계도 확인되지 않음 — 수동 검수 필요",,
REVIEW,MG-MG04-S171,ITX-IS03-S171,,"잠정 병합(역명 일치 ""천안"", 지역 MUGUNGHWA) — 좌표 정보가 한쪽 또는 양쪽에 없고 공식 환승 관계도 확인되지 않음 — 수동 검수 필요",,
REVIEW,MG-MG04-S171,ITX-IS04-S171,,"잠정 병합(역명 일치 ""천안"", 지역 MUGUNGHWA) — 좌표 정보가 한쪽 또는 양쪽에 없고 공식 환승 관계도 확인되지 않음 — 수동 검수 필요",,
REVIEW,MG-MG04-S171,ITX-IS05-S171,,"잠정 병합(역명 일치 ""천안"", 지역 MUGUNGHWA) — 좌표 정보가 한쪽 또는 양쪽에 없고 공식 환승 관계도 확인되지 않음 — 수동 검수 필요",,
REVIEW,MG-MG05-S171,MG-MG06-S171,,"잠정 병합(역명 일치 ""천안"", 지역 MUGUNGHWA) — 좌표 정보가 한쪽 또는 양쪽에 없고 공식 환승 관계도 확인되지 않음 — 수동 검수 필요",,
REVIEW,MG-MG05-S171,MG-MG07-S171,,"잠정 병합(역명 일치 ""천안"", 지역 MUGUNGHWA) — 좌표 정보가 한쪽 또는 양쪽에 없고 공식 환승 관계도 확인되지 않음 — 수동 검수 필요",,
REVIEW,MG-MG05-S171,MG-MG20-S171,,"잠정 병합(역명 일치 ""천안"", 지역 MUGUNGHWA) — 좌표 정보가 한쪽 또는 양쪽에 없고 공식 환승 관계도 확인되지 않음 — 수동 검수 필요",,
REVIEW,MG-MG05-S171,ITX-IS01-S171,,"잠정 병합(역명 일치 ""천안"", 지역 MUGUNGHWA) — 좌표 정보가 한쪽 또는 양쪽에 없고 공식 환승 관계도 확인되지 않음 — 수동 검수 필요",,
REVIEW,MG-MG05-S171,ITX-IS02-S171,,"잠정 병합(역명 일치 ""천안"", 지역 MUGUNGHWA) — 좌표 정보가 한쪽 또는 양쪽에 없고 공식 환승 관계도 확인되지 않음 — 수동 검수 필요",,
REVIEW,MG-MG05-S171,ITX-IS03-S171,,"잠정 병합(역명 일치 ""천안"", 지역 MUGUNGHWA) — 좌표 정보가 한쪽 또는 양쪽에 없고 공식 환승 관계도 확인되지 않음 — 수동 검수 필요",,
REVIEW,MG-MG05-S171,ITX-IS04-S171,,"잠정 병합(역명 일치 ""천안"", 지역 MUGUNGHWA) — 좌표 정보가 한쪽 또는 양쪽에 없고 공식 환승 관계도 확인되지 않음 — 수동 검수 필요",,
REVIEW,MG-MG05-S171,ITX-IS05-S171,,"잠정 병합(역명 일치 ""천안"", 지역 MUGUNGHWA) — 좌표 정보가 한쪽 또는 양쪽에 없고 공식 환승 관계도 확인되지 않음 — 수동 검수 필요",,
REVIEW,MG-MG06-S171,MG-MG07-S171,,"잠정 병합(역명 일치 ""천안"", 지역 MUGUNGHWA) — 좌표 정보가 한쪽 또는 양쪽에 없고 공식 환승 관계도 확인되지 않음 — 수동 검수 필요",,
REVIEW,MG-MG06-S171,MG-MG20-S171,,"잠정 병합(역명 일치 ""천안"", 지역 MUGUNGHWA) — 좌표 정보가 한쪽 또는 양쪽에 없고 공식 환승 관계도 확인되지 않음 — 수동 검수 필요",,
REVIEW,MG-MG06-S171,ITX-IS01-S171,,"잠정 병합(역명 일치 ""천안"", 지역 MUGUNGHWA) — 좌표 정보가 한쪽 또는 양쪽에 없고 공식 환승 관계도 확인되지 않음 — 수동 검수 필요",,
REVIEW,MG-MG06-S171,ITX-IS02-S171,,"잠정 병합(역명 일치 ""천안"", 지역 MUGUNGHWA) — 좌표 정보가 한쪽 또는 양쪽에 없고 공식 환승 관계도 확인되지 않음 — 수동 검수 필요",,
REVIEW,MG-MG06-S171,ITX-IS03-S171,,"잠정 병합(역명 일치 ""천안"", 지역 MUGUNGHWA) — 좌표 정보가 한쪽 또는 양쪽에 없고 공식 환승 관계도 확인되지 않음 — 수동 검수 필요",,
REVIEW,MG-MG06-S171,ITX-IS04-S171,,"잠정 병합(역명 일치 ""천안"", 지역 MUGUNGHWA) — 좌표 정보가 한쪽 또는 양쪽에 없고 공식 환승 관계도 확인되지 않음 — 수동 검수 필요",,
REVIEW,MG-MG06-S171,ITX-IS05-S171,,"잠정 병합(역명 일치 ""천안"", 지역 MUGUNGHWA) — 좌표 정보가 한쪽 또는 양쪽에 없고 공식 환승 관계도 확인되지 않음 — 수동 검수 필요",,
REVIEW,MG-MG07-S171,MG-MG20-S171,,"잠정 병합(역명 일치 ""천안"", 지역 MUGUNGHWA) — 좌표 정보가 한쪽 또는 양쪽에 없고 공식 환승 관계도 확인되지 않음 — 수동 검수 필요",,
REVIEW,MG-MG07-S171,ITX-IS01-S171,,"잠정 병합(역명 일치 ""천안"", 지역 MUGUNGHWA) — 좌표 정보가 한쪽 또는 양쪽에 없고 공식 환승 관계도 확인되지 않음 — 수동 검수 필요",,
REVIEW,MG-MG07-S171,ITX-IS02-S171,,"잠정 병합(역명 일치 ""천안"", 지역 MUGUNGHWA) — 좌표 정보가 한쪽 또는 양쪽에 없고 공식 환승 관계도 확인되지 않음 — 수동 검수 필요",,
REVIEW,MG-MG07-S171,ITX-IS03-S171,,"잠정 병합(역명 일치 ""천안"", 지역 MUGUNGHWA) — 좌표 정보가 한쪽 또는 양쪽에 없고 공식 환승 관계도 확인되지 않음 — 수동 검수 필요",,
REVIEW,MG-MG07-S171,ITX-IS04-S171,,"잠정 병합(역명 일치 ""천안"", 지역 MUGUNGHWA) — 좌표 정보가 한쪽 또는 양쪽에 없고 공식 환승 관계도 확인되지 않음 — 수동 검수 필요",,
REVIEW,MG-MG07-S171,ITX-IS05-S171,,"잠정 병합(역명 일치 ""천안"", 지역 MUGUNGHWA) — 좌표 정보가 한쪽 또는 양쪽에 없고 공식 환승 관계도 확인되지 않음 — 수동 검수 필요",,
REVIEW,MG-MG20-S171,ITX-IS01-S171,,"잠정 병합(역명 일치 ""천안"", 지역 MUGUNGHWA) — 좌표 정보가 한쪽 또는 양쪽에 없고 공식 환승 관계도 확인되지 않음 — 수동 검수 필요",,
REVIEW,MG-MG20-S171,ITX-IS02-S171,,"잠정 병합(역명 일치 ""천안"", 지역 MUGUNGHWA) — 좌표 정보가 한쪽 또는 양쪽에 없고 공식 환승 관계도 확인되지 않음 — 수동 검수 필요",,
REVIEW,MG-MG20-S171,ITX-IS03-S171,,"잠정 병합(역명 일치 ""천안"", 지역 MUGUNGHWA) — 좌표 정보가 한쪽 또는 양쪽에 없고 공식 환승 관계도 확인되지 않음 — 수동 검수 필요",,
REVIEW,MG-MG20-S171,ITX-IS04-S171,,"잠정 병합(역명 일치 ""천안"", 지역 MUGUNGHWA) — 좌표 정보가 한쪽 또는 양쪽에 없고 공식 환승 관계도 확인되지 않음 — 수동 검수 필요",,
REVIEW,MG-MG20-S171,ITX-IS05-S171,,"잠정 병합(역명 일치 ""천안"", 지역 MUGUNGHWA) — 좌표 정보가 한쪽 또는 양쪽에 없고 공식 환승 관계도 확인되지 않음 — 수동 검수 필요",,
REVIEW,ITX-IS01-S171,ITX-IS02-S171,,"잠정 병합(역명 일치 ""천안"", 지역 MUGUNGHWA) — 좌표 정보가 한쪽 또는 양쪽에 없고 공식 환승 관계도 확인되지 않음 — 수동 검수 필요",,
REVIEW,ITX-IS01-S171,ITX-IS03-S171,,"잠정 병합(역명 일치 ""천안"", 지역 MUGUNGHWA) — 좌표 정보가 한쪽 또는 양쪽에 없고 공식 환승 관계도 확인되지 않음 — 수동 검수 필요",,
REVIEW,ITX-IS01-S171,ITX-IS04-S171,,"잠정 병합(역명 일치 ""천안"", 지역 MUGUNGHWA) — 좌표 정보가 한쪽 또는 양쪽에 없고 공식 환승 관계도 확인되지 않음 — 수동 검수 필요",,
REVIEW,ITX-IS01-S171,ITX-IS05-S171,,"잠정 병합(역명 일치 ""천안"", 지역 MUGUNGHWA) — 좌표 정보가 한쪽 또는 양쪽에 없고 공식 환승 관계도 확인되지 않음 — 수동 검수 필요",,
REVIEW,ITX-IS02-S171,ITX-IS03-S171,,"잠정 병합(역명 일치 ""천안"", 지역 MUGUNGHWA) — 좌표 정보가 한쪽 또는 양쪽에 없고 공식 환승 관계도 확인되지 않음 — 수동 검수 필요",,
REVIEW,ITX-IS02-S171,ITX-IS04-S171,,"잠정 병합(역명 일치 ""천안"", 지역 MUGUNGHWA) — 좌표 정보가 한쪽 또는 양쪽에 없고 공식 환승 관계도 확인되지 않음 — 수동 검수 필요",,
REVIEW,ITX-IS02-S171,ITX-IS05-S171,,"잠정 병합(역명 일치 ""천안"", 지역 MUGUNGHWA) — 좌표 정보가 한쪽 또는 양쪽에 없고 공식 환승 관계도 확인되지 않음 — 수동 검수 필요",,
REVIEW,ITX-IS03-S171,ITX-IS04-S171,,"잠정 병합(역명 일치 ""천안"", 지역 MUGUNGHWA) — 좌표 정보가 한쪽 또는 양쪽에 없고 공식 환승 관계도 확인되지 않음 — 수동 검수 필요",,
REVIEW,ITX-IS03-S171,ITX-IS05-S171,,"잠정 병합(역명 일치 ""천안"", 지역 MUGUNGHWA) — 좌표 정보가 한쪽 또는 양쪽에 없고 공식 환승 관계도 확인되지 않음 — 수동 검수 필요",,
REVIEW,ITX-IS04-S171,ITX-IS05-S171,,"잠정 병합(역명 일치 ""천안"", 지역 MUGUNGHWA) — 좌표 정보가 한쪽 또는 양쪽에 없고 공식 환승 관계도 확인되지 않음 — 수동 검수 필요",,
REVIEW,KR-4-449,KR-K1-K251,,"잠정 병합(역명 일치 ""한대앞"", 지역 SEOUL_METRO) — 좌표 정보가 한쪽 또는 양쪽에 없고 공식 환승 관계도 확인되지 않음 — 수동 검수 필요",,
REVIEW,KR-4-450,KR-K1-K252,,"잠정 병합(역명 일치 ""중앙"", 지역 SEOUL_METRO) — 좌표 정보가 한쪽 또는 양쪽에 없고 공식 환승 관계도 확인되지 않음 — 수동 검수 필요",,
REVIEW,KR-4-451,KR-K1-K253,,"잠정 병합(역명 일치 ""고잔"", 지역 SEOUL_METRO) — 좌표 정보가 한쪽 또는 양쪽에 없고 공식 환승 관계도 확인되지 않음 — 수동 검수 필요",,
REVIEW,KR-4-452,KR-K1-K254,,"잠정 병합(역명 일치 ""초지"", 지역 SEOUL_METRO) — 좌표 정보가 한쪽 또는 양쪽에 없고 공식 환승 관계도 확인되지 않음 — 수동 검수 필요",,
REVIEW,KR-4-452,SW-WS-S26,,"잠정 병합(역명 일치 ""초지"", 지역 SEOUL_METRO) — 좌표 정보가 한쪽 또는 양쪽에 없고 공식 환승 관계도 확인되지 않음 — 수동 검수 필요",,
REVIEW,KR-K1-K254,SW-WS-S26,,"잠정 병합(역명 일치 ""초지"", 지역 SEOUL_METRO) — 좌표 정보가 한쪽 또는 양쪽에 없고 공식 환승 관계도 확인되지 않음 — 수동 검수 필요",,
REVIEW,KR-4-453,KR-K1-K255,,"잠정 병합(역명 일치 ""안산"", 지역 SEOUL_METRO) — 좌표 정보가 한쪽 또는 양쪽에 없고 공식 환승 관계도 확인되지 않음 — 수동 검수 필요",,
REVIEW,KR-4-454,KR-K1-K256,,"잠정 병합(역명 일치 ""신길온천"", 지역 SEOUL_METRO) — 좌표 정보가 한쪽 또는 양쪽에 없고 공식 환승 관계도 확인되지 않음 — 수동 검수 필요",,
REVIEW,KR-4-455,KR-K1-K257,,"잠정 병합(역명 일치 ""정왕"", 지역 SEOUL_METRO) — 좌표 정보가 한쪽 또는 양쪽에 없고 공식 환승 관계도 확인되지 않음 — 수동 검수 필요",,
REVIEW,KR-4-456,KR-K1-K258,,"잠정 병합(역명 일치 ""오이도"", 지역 SEOUL_METRO) — 좌표 정보가 한쪽 또는 양쪽에 없고 공식 환승 관계도 확인되지 않음 — 수동 검수 필요",,
REVIEW,KR-K1-K209,KR-K2-K117,,"잠정 병합(역명 일치 ""청량리"", 지역 SEOUL_METRO) — 좌표 정보가 한쪽 또는 양쪽에 없고 공식 환승 관계도 확인되지 않음 — 수동 검수 필요",,
REVIEW,KR-K1-K209,KR-K4-K209,,"잠정 병합(역명 일치 ""청량리"", 지역 SEOUL_METRO) — 좌표 정보가 한쪽 또는 양쪽에 없고 공식 환승 관계도 확인되지 않음 — 수동 검수 필요",,
REVIEW,KR-K1-K209,S1-1-124,,"잠정 병합(역명 일치 ""청량리"", 지역 SEOUL_METRO) — 좌표 정보가 한쪽 또는 양쪽에 없고 공식 환승 관계도 확인되지 않음 — 수동 검수 필요",,
REVIEW,KR-K2-K117,KR-K4-K209,,"잠정 병합(역명 일치 ""청량리"", 지역 SEOUL_METRO) — 좌표 정보가 한쪽 또는 양쪽에 없고 공식 환승 관계도 확인되지 않음 — 수동 검수 필요",,
REVIEW,KR-K2-K117,S1-1-124,,"잠정 병합(역명 일치 ""청량리"", 지역 SEOUL_METRO) — 좌표 정보가 한쪽 또는 양쪽에 없고 공식 환승 관계도 확인되지 않음 — 수동 검수 필요",,
REVIEW,KR-K4-K209,S1-1-124,,"잠정 병합(역명 일치 ""청량리"", 지역 SEOUL_METRO) — 좌표 정보가 한쪽 또는 양쪽에 없고 공식 환승 관계도 확인되지 않음 — 수동 검수 필요",,
REVIEW,GL-강릉선-KTX-S079,GL-중앙선-KTX-S079,,"잠정 병합(역명 일치 ""청량리"", 지역 KTX) — 좌표 정보가 한쪽 또는 양쪽에 없고 공식 환승 관계도 확인되지 않음 — 수동 검수 필요",,
REVIEW,MG-MG09-S174,MG-MG10-S174,,"잠정 병합(역명 일치 ""청량리"", 지역 MUGUNGHWA) — 좌표 정보가 한쪽 또는 양쪽에 없고 공식 환승 관계도 확인되지 않음 — 수동 검수 필요",,
REVIEW,KR-K1-K210,KR-K4-K210,,"잠정 병합(역명 일치 ""왕십리"", 지역 SEOUL_METRO) — 좌표 정보가 한쪽 또는 양쪽에 없고 공식 환승 관계도 확인되지 않음 — 수동 검수 필요",,
REVIEW,KR-K1-K210,S1-2-208,,"잠정 병합(역명 일치 ""왕십리"", 지역 SEOUL_METRO) — 좌표 정보가 한쪽 또는 양쪽에 없고 공식 환승 관계도 확인되지 않음 — 수동 검수 필요",,
REVIEW,KR-K1-K210,S1-5-540,,"잠정 병합(역명 일치 ""왕십리"", 지역 SEOUL_METRO) — 좌표 정보가 한쪽 또는 양쪽에 없고 공식 환승 관계도 확인되지 않음 — 수동 검수 필요",,
REVIEW,KR-K4-K210,S1-2-208,,"잠정 병합(역명 일치 ""왕십리"", 지역 SEOUL_METRO) — 좌표 정보가 한쪽 또는 양쪽에 없고 공식 환승 관계도 확인되지 않음 — 수동 검수 필요",,
REVIEW,KR-K4-K210,S1-5-540,,"잠정 병합(역명 일치 ""왕십리"", 지역 SEOUL_METRO) — 좌표 정보가 한쪽 또는 양쪽에 없고 공식 환승 관계도 확인되지 않음 — 수동 검수 필요",,
REVIEW,S1-2-208,S1-5-540,,"잠정 병합(역명 일치 ""왕십리"", 지역 SEOUL_METRO) — 좌표 정보가 한쪽 또는 양쪽에 없고 공식 환승 관계도 확인되지 않음 — 수동 검수 필요",,
REVIEW,KR-K1-K213,S1-7-730,,"잠정 병합(역명 일치 ""강남구청"", 지역 SEOUL_METRO) — 좌표 정보가 한쪽 또는 양쪽에 없고 공식 환승 관계도 확인되지 않음 — 수동 검수 필요",,
REVIEW,KR-K1-K214,S9-9-927,,"잠정 병합(역명 일치 ""선정릉"", 지역 SEOUL_METRO) — 좌표 정보가 한쪽 또는 양쪽에 없고 공식 환승 관계도 확인되지 않음 — 수동 검수 필요",,
REVIEW,KR-K1-K215,S1-2-220,,"잠정 병합(역명 일치 ""선릉"", 지역 SEOUL_METRO) — 좌표 정보가 한쪽 또는 양쪽에 없고 공식 환승 관계도 확인되지 않음 — 수동 검수 필요",,
REVIEW,KR-K1-K217,S1-3-344,,"잠정 병합(역명 일치 ""도곡"", 지역 SEOUL_METRO) — 좌표 정보가 한쪽 또는 양쪽에 없고 공식 환승 관계도 확인되지 않음 — 수동 검수 필요",,
REVIEW,KR-K1-K222,S1-8-820,,"잠정 병합(역명 일치 ""복정"", 지역 SEOUL_METRO) — 좌표 정보가 한쪽 또는 양쪽에 없고 공식 환승 관계도 확인되지 않음 — 수동 검수 필요",,
REVIEW,KR-K1-K225,S1-8-827,,"잠정 병합(역명 일치 ""모란"", 지역 SEOUL_METRO) — 좌표 정보가 한쪽 또는 양쪽에 없고 공식 환승 관계도 확인되지 않음 — 수동 검수 필요",,
REVIEW,KR-K1-K227,KR-K5-K411,,"잠정 병합(역명 일치 ""이매"", 지역 SEOUL_METRO) — 좌표 정보가 한쪽 또는 양쪽에 없고 공식 환승 관계도 확인되지 않음 — 수동 검수 필요",,
REVIEW,KR-K2-K119,KR-K4-K119,,"잠정 병합(역명 일치 ""중랑"", 지역 SEOUL_METRO) — 좌표 정보가 한쪽 또는 양쪽에 없고 공식 환승 관계도 확인되지 않음 — 수동 검수 필요",,
REVIEW,KR-K2-K120,KR-K4-K120,,"잠정 병합(역명 일치 ""상봉"", 지역 SEOUL_METRO) — 좌표 정보가 한쪽 또는 양쪽에 없고 공식 환승 관계도 확인되지 않음 — 수동 검수 필요",,
REVIEW,KR-K2-K120,S1-7-720,,"잠정 병합(역명 일치 ""상봉"", 지역 SEOUL_METRO) — 좌표 정보가 한쪽 또는 양쪽에 없고 공식 환승 관계도 확인되지 않음 — 수동 검수 필요",,
REVIEW,KR-K2-K120,BRANCH-MANGU-SANGBONG,,"잠정 병합(역명 일치 ""상봉"", 지역 SEOUL_METRO) — 좌표 정보가 한쪽 또는 양쪽에 없고 공식 환승 관계도 확인되지 않음 — 수동 검수 필요",,
REVIEW,KR-K4-K120,S1-7-720,,"잠정 병합(역명 일치 ""상봉"", 지역 SEOUL_METRO) — 좌표 정보가 한쪽 또는 양쪽에 없고 공식 환승 관계도 확인되지 않음 — 수동 검수 필요",,
REVIEW,KR-K4-K120,BRANCH-MANGU-SANGBONG,,"잠정 병합(역명 일치 ""상봉"", 지역 SEOUL_METRO) — 좌표 정보가 한쪽 또는 양쪽에 없고 공식 환승 관계도 확인되지 않음 — 수동 검수 필요",,
REVIEW,S1-7-720,BRANCH-MANGU-SANGBONG,,"잠정 병합(역명 일치 ""상봉"", 지역 SEOUL_METRO) — 좌표 정보가 한쪽 또는 양쪽에 없고 공식 환승 관계도 확인되지 않음 — 수동 검수 필요",,
REVIEW,GL-강릉선-KTX-S040,GL-중앙선-KTX-S040,,"잠정 병합(역명 일치 ""상봉"", 지역 KTX) — 좌표 정보가 한쪽 또는 양쪽에 없고 공식 환승 관계도 확인되지 않음 — 수동 검수 필요",,
REVIEW,KR-K2-K121,KR-K4-K121,,"잠정 병합(역명 일치 ""망우"", 지역 SEOUL_METRO) — 좌표 정보가 한쪽 또는 양쪽에 없고 공식 환승 관계도 확인되지 않음 — 수동 검수 필요",,
REVIEW,KR-K2-P122,S1-6-2649,,"잠정 병합(역명 일치 ""신내"", 지역 SEOUL_METRO) — 좌표 정보가 한쪽 또는 양쪽에 없고 공식 환승 관계도 확인되지 않음 — 수동 검수 필요",,
REVIEW,KR-K2-P124,NU-8-804,,"잠정 병합(역명 일치 ""별내"", 지역 SEOUL_METRO) — 좌표 정보가 한쪽 또는 양쪽에 없고 공식 환승 관계도 확인되지 않음 — 수동 검수 필요",,
REVIEW,KR-K4-K111,S1-4-430,,"잠정 병합(역명 일치 ""이촌"", 지역 SEOUL_METRO) — 좌표 정보가 한쪽 또는 양쪽에 없고 공식 환승 관계도 확인되지 않음 — 수동 검수 필요",,
REVIEW,KR-K4-K114,S1-3-335,,"잠정 병합(역명 일치 ""옥수"", 지역 SEOUL_METRO) — 좌표 정보가 한쪽 또는 양쪽에 없고 공식 환승 관계도 확인되지 않음 — 수동 검수 필요",,
REVIEW,GL-강릉선-KTX-S022,GL-중앙선-KTX-S022,,"잠정 병합(역명 일치 ""덕소"", 지역 KTX) — 좌표 정보가 한쪽 또는 양쪽에 없고 공식 환승 관계도 확인되지 않음 — 수동 검수 필요",,
REVIEW,MG-MG09-S037,MG-MG10-S037,,"잠정 병합(역명 일치 ""덕소"", 지역 MUGUNGHWA) — 좌표 정보가 한쪽 또는 양쪽에 없고 공식 환승 관계도 확인되지 않음 — 수동 검수 필요",,
REVIEW,GL-강릉선-KTX-S053,GL-중앙선-KTX-S053,,"잠정 병합(역명 일치 ""양평"", 지역 KTX) — 좌표 정보가 한쪽 또는 양쪽에 없고 공식 환승 관계도 확인되지 않음 — 수동 검수 필요",,
REVIEW,MG-MG09-S106,MG-MG10-S106,,"잠정 병합(역명 일치 ""양평"", 지역 MUGUNGHWA) — 좌표 정보가 한쪽 또는 양쪽에 없고 공식 환승 관계도 확인되지 않음 — 수동 검수 필요",,
REVIEW,MG-MG09-S130,MG-MG10-S130,,"잠정 병합(역명 일치 ""용문"", 지역 MUGUNGHWA) — 좌표 정보가 한쪽 또는 양쪽에 없고 공식 환승 관계도 확인되지 않음 — 수동 검수 필요",,
REVIEW,MG-MG09-S164,MG-MG10-S164,,"잠정 병합(역명 일치 ""지평"", 지역 MUGUNGHWA) — 좌표 정보가 한쪽 또는 양쪽에 없고 공식 환승 관계도 확인되지 않음 — 수동 검수 필요",,
REVIEW,KR-K4-K311,S1-6-2628,,"잠정 병합(역명 일치 ""효창공원앞"", 지역 SEOUL_METRO) — 좌표 정보가 한쪽 또는 양쪽에 없고 공식 환승 관계도 확인되지 않음 — 수동 검수 필요",,
REVIEW,KR-K4-K315,BRANCH-GYEONGUI1-GAJWA,,"잠정 병합(역명 일치 ""가좌"", 지역 SEOUL_METRO) — 좌표 정보가 한쪽 또는 양쪽에 없고 공식 환승 관계도 확인되지 않음 — 수동 검수 필요",,
REVIEW,GL-경부선-KTX-S087,GL-호남선-KTX-S087,,"잠정 병합(역명 일치 ""행신"", 지역 KTX) — 좌표 정보가 한쪽 또는 양쪽에 없고 공식 환승 관계도 확인되지 않음 — 수동 검수 필요",,
REVIEW,GL-경부선-KTX-S087,GL-전라선-KTX-S087,,"잠정 병합(역명 일치 ""행신"", 지역 KTX) — 좌표 정보가 한쪽 또는 양쪽에 없고 공식 환승 관계도 확인되지 않음 — 수동 검수 필요",,
REVIEW,GL-경부선-KTX-S087,GL-강릉선-KTX-S087,,"잠정 병합(역명 일치 ""행신"", 지역 KTX) — 좌표 정보가 한쪽 또는 양쪽에 없고 공식 환승 관계도 확인되지 않음 — 수동 검수 필요",,
REVIEW,GL-경부선-KTX-S087,GL-동해선-KTX-S087,,"잠정 병합(역명 일치 ""행신"", 지역 KTX) — 좌표 정보가 한쪽 또는 양쪽에 없고 공식 환승 관계도 확인되지 않음 — 수동 검수 필요",,
REVIEW,GL-경부선-KTX-S087,GL-경전선-KTX-S087,,"잠정 병합(역명 일치 ""행신"", 지역 KTX) — 좌표 정보가 한쪽 또는 양쪽에 없고 공식 환승 관계도 확인되지 않음 — 수동 검수 필요",,
REVIEW,GL-호남선-KTX-S087,GL-전라선-KTX-S087,,"잠정 병합(역명 일치 ""행신"", 지역 KTX) — 좌표 정보가 한쪽 또는 양쪽에 없고 공식 환승 관계도 확인되지 않음 — 수동 검수 필요",,
REVIEW,GL-호남선-KTX-S087,GL-강릉선-KTX-S087,,"잠정 병합(역명 일치 ""행신"", 지역 KTX) — 좌표 정보가 한쪽 또는 양쪽에 없고 공식 환승 관계도 확인되지 않음 — 수동 검수 필요",,
REVIEW,GL-호남선-KTX-S087,GL-동해선-KTX-S087,,"잠정 병합(역명 일치 ""행신"", 지역 KTX) — 좌표 정보가 한쪽 또는 양쪽에 없고 공식 환승 관계도 확인되지 않음 — 수동 검수 필요",,
REVIEW,GL-호남선-KTX-S087,GL-경전선-KTX-S087,,"잠정 병합(역명 일치 ""행신"", 지역 KTX) — 좌표 정보가 한쪽 또는 양쪽에 없고 공식 환승 관계도 확인되지 않음 — 수동 검수 필요",,
REVIEW,GL-전라선-KTX-S087,GL-강릉선-KTX-S087,,"잠정 병합(역명 일치 ""행신"", 지역 KTX) — 좌표 정보가 한쪽 또는 양쪽에 없고 공식 환승 관계도 확인되지 않음 — 수동 검수 필요",,
REVIEW,GL-전라선-KTX-S087,GL-동해선-KTX-S087,,"잠정 병합(역명 일치 ""행신"", 지역 KTX) — 좌표 정보가 한쪽 또는 양쪽에 없고 공식 환승 관계도 확인되지 않음 — 수동 검수 필요",,
REVIEW,GL-전라선-KTX-S087,GL-경전선-KTX-S087,,"잠정 병합(역명 일치 ""행신"", 지역 KTX) — 좌표 정보가 한쪽 또는 양쪽에 없고 공식 환승 관계도 확인되지 않음 — 수동 검수 필요",,
REVIEW,GL-강릉선-KTX-S087,GL-동해선-KTX-S087,,"잠정 병합(역명 일치 ""행신"", 지역 KTX) — 좌표 정보가 한쪽 또는 양쪽에 없고 공식 환승 관계도 확인되지 않음 — 수동 검수 필요",,
REVIEW,GL-강릉선-KTX-S087,GL-경전선-KTX-S087,,"잠정 병합(역명 일치 ""행신"", 지역 KTX) — 좌표 정보가 한쪽 또는 양쪽에 없고 공식 환승 관계도 확인되지 않음 — 수동 검수 필요",,
REVIEW,GL-동해선-KTX-S087,GL-경전선-KTX-S087,,"잠정 병합(역명 일치 ""행신"", 지역 KTX) — 좌표 정보가 한쪽 또는 양쪽에 없고 공식 환승 관계도 확인되지 않음 — 수동 검수 필요",,
REVIEW,KR-K4-K321,KR-WS-S12,,"잠정 병합(역명 일치 ""능곡"", 지역 SEOUL_METRO) — 좌표 정보가 한쪽 또는 양쪽에 없고 공식 환승 관계도 확인되지 않음 — 수동 검수 필요",,
REVIEW,KR-K4-K323,KR-WS-S10,,"잠정 병합(역명 일치 ""곡산"", 지역 SEOUL_METRO) — 좌표 정보가 한쪽 또는 양쪽에 없고 공식 환승 관계도 확인되지 않음 — 수동 검수 필요",,
REVIEW,KR-K4-K324,KR-WS-S09,,"잠정 병합(역명 일치 ""백마"", 지역 SEOUL_METRO) — 좌표 정보가 한쪽 또는 양쪽에 없고 공식 환승 관계도 확인되지 않음 — 수동 검수 필요",,
REVIEW,KR-K4-K325,KR-WS-S08,,"잠정 병합(역명 일치 ""풍산"", 지역 SEOUL_METRO) — 좌표 정보가 한쪽 또는 양쪽에 없고 공식 환승 관계도 확인되지 않음 — 수동 검수 필요",,
REVIEW,KR-K4-K326,KR-WS-S07,,"잠정 병합(역명 일치 ""일산"", 지역 SEOUL_METRO) — 좌표 정보가 한쪽 또는 양쪽에 없고 공식 환승 관계도 확인되지 않음 — 수동 검수 필요",,
REVIEW,S1-1-132,S1-2-201,,"잠정 병합(역명 일치 ""시청"", 지역 SEOUL_METRO) — 좌표 정보가 한쪽 또는 양쪽에 없고 공식 환승 관계도 확인되지 않음 — 수동 검수 필요",,
REVIEW,S1-1-130,S1-3-329,,"잠정 병합(역명 일치 ""종로3가"", 지역 SEOUL_METRO) — 좌표 정보가 한쪽 또는 양쪽에 없고 공식 환승 관계도 확인되지 않음 — 수동 검수 필요",,
REVIEW,S1-1-130,S1-5-534,,"잠정 병합(역명 일치 ""종로3가"", 지역 SEOUL_METRO) — 좌표 정보가 한쪽 또는 양쪽에 없고 공식 환승 관계도 확인되지 않음 — 수동 검수 필요",,
REVIEW,S1-3-329,S1-5-534,,"잠정 병합(역명 일치 ""종로3가"", 지역 SEOUL_METRO) — 좌표 정보가 한쪽 또는 양쪽에 없고 공식 환승 관계도 확인되지 않음 — 수동 검수 필요",,
REVIEW,S1-1-128,S1-4-421,,"잠정 병합(역명 일치 ""동대문"", 지역 SEOUL_METRO) — 좌표 정보가 한쪽 또는 양쪽에 없고 공식 환승 관계도 확인되지 않음 — 수동 검수 필요",,
REVIEW,S1-1-126,S1-2-211-4,,"잠정 병합(역명 일치 ""신설동"", 지역 SEOUL_METRO) — 좌표 정보가 한쪽 또는 양쪽에 없고 공식 환승 관계도 확인되지 않음 — 수동 검수 필요",,
REVIEW,S1-1-126,UI-UI-S122,,"잠정 병합(역명 일치 ""신설동"", 지역 SEOUL_METRO) — 좌표 정보가 한쪽 또는 양쪽에 없고 공식 환승 관계도 확인되지 않음 — 수동 검수 필요",,
REVIEW,S1-2-211-4,UI-UI-S122,,"잠정 병합(역명 일치 ""신설동"", 지역 SEOUL_METRO) — 좌표 정보가 한쪽 또는 양쪽에 없고 공식 환승 관계도 확인되지 않음 — 수동 검수 필요",,
REVIEW,S1-1-127,S1-6-2637,,"잠정 병합(역명 일치 ""동묘앞"", 지역 SEOUL_METRO) — 좌표 정보가 한쪽 또는 양쪽에 없고 공식 환승 관계도 확인되지 않음 — 수동 검수 필요",,
REVIEW,S1-2-203,S1-3-330,,"잠정 병합(역명 일치 ""을지로3가"", 지역 SEOUL_METRO) — 좌표 정보가 한쪽 또는 양쪽에 없고 공식 환승 관계도 확인되지 않음 — 수동 검수 필요",,
REVIEW,S1-2-204,S1-5-535,,"잠정 병합(역명 일치 ""을지로4가"", 지역 SEOUL_METRO) — 좌표 정보가 한쪽 또는 양쪽에 없고 공식 환승 관계도 확인되지 않음 — 수동 검수 필요",,
REVIEW,S1-2-205,S1-4-422,,"잠정 병합(역명 일치 ""동대문역사문화공원"", 지역 SEOUL_METRO) — 좌표 정보가 한쪽 또는 양쪽에 없고 공식 환승 관계도 확인되지 않음 — 수동 검수 필요",,
REVIEW,S1-2-205,S1-5-536,,"잠정 병합(역명 일치 ""동대문역사문화공원"", 지역 SEOUL_METRO) — 좌표 정보가 한쪽 또는 양쪽에 없고 공식 환승 관계도 확인되지 않음 — 수동 검수 필요",,
REVIEW,S1-4-422,S1-5-536,,"잠정 병합(역명 일치 ""동대문역사문화공원"", 지역 SEOUL_METRO) — 좌표 정보가 한쪽 또는 양쪽에 없고 공식 환승 관계도 확인되지 않음 — 수동 검수 필요",,
REVIEW,S1-2-206,S1-6-2636,,"잠정 병합(역명 일치 ""신당"", 지역 SEOUL_METRO) — 좌표 정보가 한쪽 또는 양쪽에 없고 공식 환승 관계도 확인되지 않음 — 수동 검수 필요",,
REVIEW,S1-2-211,BRANCH-SEONGSU-JUNCTION,,"잠정 병합(역명 일치 ""성수"", 지역 SEOUL_METRO) — 좌표 정보가 한쪽 또는 양쪽에 없고 공식 환승 관계도 확인되지 않음 — 수동 검수 필요",,
REVIEW,S1-2-212,S1-7-727,,"잠정 병합(역명 일치 ""건대입구"", 지역 SEOUL_METRO) — 좌표 정보가 한쪽 또는 양쪽에 없고 공식 환승 관계도 확인되지 않음 — 수동 검수 필요",,
REVIEW,S1-2-216,S1-8-814,,"잠정 병합(역명 일치 ""잠실"", 지역 SEOUL_METRO) — 좌표 정보가 한쪽 또는 양쪽에 없고 공식 환승 관계도 확인되지 않음 — 수동 검수 필요",,
REVIEW,S1-2-218,S9-9-930,,"잠정 병합(역명 일치 ""종합운동장"", 지역 SEOUL_METRO) — 좌표 정보가 한쪽 또는 양쪽에 없고 공식 환승 관계도 확인되지 않음 — 수동 검수 필요",,
REVIEW,S1-2-223,S1-3-340,,"잠정 병합(역명 일치 ""교대"", 지역 SEOUL_METRO) — 좌표 정보가 한쪽 또는 양쪽에 없고 공식 환승 관계도 확인되지 않음 — 수동 검수 필요",,
REVIEW,BS-1-124,KR-K6-K113,,"잠정 병합(역명 일치 ""교대"", 지역 BUSAN) — 좌표 정보가 한쪽 또는 양쪽에 없고 공식 환승 관계도 확인되지 않음 — 수동 검수 필요",,
REVIEW,S1-2-226,S1-4-433,,"잠정 병합(역명 일치 ""사당"", 지역 SEOUL_METRO) — 좌표 정보가 한쪽 또는 양쪽에 없고 공식 환승 관계도 확인되지 않음 — 수동 검수 필요",,
REVIEW,S1-2-230,SL-L1-S408,,"잠정 병합(역명 일치 ""신림"", 지역 SEOUL_METRO) — 좌표 정보가 한쪽 또는 양쪽에 없고 공식 환승 관계도 확인되지 않음 — 수동 검수 필요",,
REVIEW,S1-2-233,S1-7-744,,"잠정 병합(역명 일치 ""대림"", 지역 SEOUL_METRO) — 좌표 정보가 한쪽 또는 양쪽에 없고 공식 환승 관계도 확인되지 않음 — 수동 검수 필요",,
REVIEW,S1-2-234-4,S1-5-518,,"잠정 병합(역명 일치 ""까치산"", 지역 SEOUL_METRO) — 좌표 정보가 한쪽 또는 양쪽에 없고 공식 환승 관계도 확인되지 않음 — 수동 검수 필요",,
REVIEW,S1-2-236,S1-5-523,,"잠정 병합(역명 일치 ""영등포구청"", 지역 SEOUL_METRO) — 좌표 정보가 한쪽 또는 양쪽에 없고 공식 환승 관계도 확인되지 않음 — 수동 검수 필요",,
REVIEW,S1-2-237,S9-9-0913,,"잠정 병합(역명 일치 ""당산"", 지역 SEOUL_METRO) — 좌표 정보가 한쪽 또는 양쪽에 없고 공식 환승 관계도 확인되지 않음 — 수동 검수 필요",,
REVIEW,S1-2-238,S1-6-2623,,"잠정 병합(역명 일치 ""합정"", 지역 SEOUL_METRO) — 좌표 정보가 한쪽 또는 양쪽에 없고 공식 환승 관계도 확인되지 않음 — 수동 검수 필요",,
REVIEW,S1-2-243,S1-5-531,,"잠정 병합(역명 일치 ""충정로"", 지역 SEOUL_METRO) — 좌표 정보가 한쪽 또는 양쪽에 없고 공식 환승 관계도 확인되지 않음 — 수동 검수 필요",,
REVIEW,S1-3-322,S1-6-2613,,"잠정 병합(역명 일치 ""불광"", 지역 SEOUL_METRO) — 좌표 정보가 한쪽 또는 양쪽에 없고 공식 환승 관계도 확인되지 않음 — 수동 검수 필요",,
REVIEW,S1-3-331,S1-4-423,,"잠정 병합(역명 일치 ""충무로"", 지역 SEOUL_METRO) — 좌표 정보가 한쪽 또는 양쪽에 없고 공식 환승 관계도 확인되지 않음 — 수동 검수 필요",,
REVIEW,S1-3-333,S1-6-2634,,"잠정 병합(역명 일치 ""약수"", 지역 SEOUL_METRO) — 좌표 정보가 한쪽 또는 양쪽에 없고 공식 환승 관계도 확인되지 않음 — 수동 검수 필요",,
REVIEW,S1-3-339,S1-7-734,,"잠정 병합(역명 일치 ""고속터미널"", 지역 SEOUL_METRO) — 좌표 정보가 한쪽 또는 양쪽에 없고 공식 환승 관계도 확인되지 않음 — 수동 검수 필요",,
REVIEW,S1-3-339,S9-9-0923,,"잠정 병합(역명 일치 ""고속터미널"", 지역 SEOUL_METRO) — 좌표 정보가 한쪽 또는 양쪽에 없고 공식 환승 관계도 확인되지 않음 — 수동 검수 필요",,
REVIEW,S1-7-734,S9-9-0923,,"잠정 병합(역명 일치 ""고속터미널"", 지역 SEOUL_METRO) — 좌표 정보가 한쪽 또는 양쪽에 없고 공식 환승 관계도 확인되지 않음 — 수동 검수 필요",,
REVIEW,S1-3-350,S1-8-817,,"잠정 병합(역명 일치 ""가락시장"", 지역 SEOUL_METRO) — 좌표 정보가 한쪽 또는 양쪽에 없고 공식 환승 관계도 확인되지 않음 — 수동 검수 필요",,
REVIEW,S1-3-352,S1-5-P552,,"잠정 병합(역명 일치 ""오금"", 지역 SEOUL_METRO) — 좌표 정보가 한쪽 또는 양쪽에 없고 공식 환승 관계도 확인되지 않음 — 수동 검수 필요",,
REVIEW,S1-4-411,S1-7-713,,"잠정 병합(역명 일치 ""노원"", 지역 SEOUL_METRO) — 좌표 정보가 한쪽 또는 양쪽에 없고 공식 환승 관계도 확인되지 않음 — 수동 검수 필요",,
REVIEW,S1-4-418,UI-UI-S120,,"잠정 병합(역명 일치 ""성신여대입구"", 지역 SEOUL_METRO) — 좌표 정보가 한쪽 또는 양쪽에 없고 공식 환승 관계도 확인되지 않음 — 수동 검수 필요",,
REVIEW,S1-4-428,S1-6-2629,,"잠정 병합(역명 일치 ""삼각지"", 지역 SEOUL_METRO) — 좌표 정보가 한쪽 또는 양쪽에 없고 공식 환승 관계도 확인되지 않음 — 수동 검수 필요",,
REVIEW,S1-4-431,S9-9-0920,,"잠정 병합(역명 일치 ""동작"", 지역 SEOUL_METRO) — 좌표 정보가 한쪽 또는 양쪽에 없고 공식 환승 관계도 확인되지 않음 — 수동 검수 필요",,
REVIEW,S1-5-526,S9-9-0915,,"잠정 병합(역명 일치 ""여의도"", 지역 SEOUL_METRO) — 좌표 정보가 한쪽 또는 양쪽에 없고 공식 환승 관계도 확인되지 않음 — 수동 검수 필요",,
REVIEW,S1-5-537,S1-6-2635,,"잠정 병합(역명 일치 ""청구"", 지역 SEOUL_METRO) — 좌표 정보가 한쪽 또는 양쪽에 없고 공식 환승 관계도 확인되지 않음 — 수동 검수 필요",,
REVIEW,S1-5-544,S1-7-725,,"잠정 병합(역명 일치 ""군자"", 지역 SEOUL_METRO) — 좌표 정보가 한쪽 또는 양쪽에 없고 공식 환승 관계도 확인되지 않음 — 수동 검수 필요",,
REVIEW,S1-5-547,S1-8-811,,"잠정 병합(역명 일치 ""천호"", 지역 SEOUL_METRO) — 좌표 정보가 한쪽 또는 양쪽에 없고 공식 환승 관계도 확인되지 않음 — 수동 검수 필요",,
REVIEW,S1-5-548,BRANCH-MACHEON-GANGDONG,,"잠정 병합(역명 일치 ""강동"", 지역 SEOUL_METRO) — 좌표 정보가 한쪽 또는 양쪽에 없고 공식 환승 관계도 확인되지 않음 — 수동 검수 필요",,
REVIEW,S1-5-P550,S9-9-936,,"잠정 병합(역명 일치 ""올림픽공원"", 지역 SEOUL_METRO) — 좌표 정보가 한쪽 또는 양쪽에 없고 공식 환승 관계도 확인되지 않음 — 수동 검수 필요",,
REVIEW,S1-6-2639,UI-UI-S121,,"잠정 병합(역명 일치 ""보문"", 지역 SEOUL_METRO) — 좌표 정보가 한쪽 또는 양쪽에 없고 공식 환승 관계도 확인되지 않음 — 수동 검수 필요",,
REVIEW,S1-6-2646,S1-7-717,,"잠정 병합(역명 일치 ""태릉입구"", 지역 SEOUL_METRO) — 좌표 정보가 한쪽 또는 양쪽에 없고 공식 환승 관계도 확인되지 않음 — 수동 검수 필요",,
REVIEW,S1-7-742,SL-L1-S404,,"잠정 병합(역명 일치 ""보라매"", 지역 SEOUL_METRO) — 좌표 정보가 한쪽 또는 양쪽에 없고 공식 환승 관계도 확인되지 않음 — 수동 검수 필요",,
REVIEW,S1-8-815,S9-9-933,,"잠정 병합(역명 일치 ""석촌"", 지역 SEOUL_METRO) — 좌표 정보가 한쪽 또는 양쪽에 없고 공식 환승 관계도 확인되지 않음 — 수동 검수 필요",,
REVIEW,S9-9-0916,SL-L1-S401,,"잠정 병합(역명 일치 ""샛강"", 지역 SEOUL_METRO) — 좌표 정보가 한쪽 또는 양쪽에 없고 공식 환승 관계도 확인되지 않음 — 수동 검수 필요",,
REVIEW,BG-B1-0101,BS-2-227,,"잠정 병합(역명 일치 ""사상"", 지역 BUSAN) — 좌표 정보가 한쪽 또는 양쪽에 없고 공식 환승 관계도 확인되지 않음 — 수동 검수 필요",,
REVIEW,MG-MG03-S066,MG-MG16-S066,,"잠정 병합(역명 일치 ""사상"", 지역 MUGUNGHWA) — 좌표 정보가 한쪽 또는 양쪽에 없고 공식 환승 관계도 확인되지 않음 — 수동 검수 필요",,
REVIEW,BG-B1-0107,BS-3-317,,"잠정 병합(역명 일치 ""대저"", 지역 BUSAN) — 좌표 정보가 한쪽 또는 양쪽에 없고 공식 환승 관계도 확인되지 않음 — 수동 검수 필요",,
REVIEW,GL-경부선-KTX-S035,GL-경부선-SRT-S035,,"잠정 병합(역명 일치 ""부산"", 지역 KTX) — 좌표 정보가 한쪽 또는 양쪽에 없고 공식 환승 관계도 확인되지 않음 — 수동 검수 필요",,
REVIEW,MG-MG03-S060,ITX-IS01-S060,,"잠정 병합(역명 일치 ""부산"", 지역 MUGUNGHWA) — 좌표 정보가 한쪽 또는 양쪽에 없고 공식 환승 관계도 확인되지 않음 — 수동 검수 필요",,
REVIEW,BS-1-119,BS-2-219,,"잠정 병합(역명 일치 ""서면"", 지역 BUSAN) — 좌표 정보가 한쪽 또는 양쪽에 없고 공식 환승 관계도 확인되지 않음 — 수동 검수 필요",,
REVIEW,GL-중앙선-KTX-S036,GL-동해선 전구간-KTX-S036,,"잠정 병합(역명 일치 ""부전"", 지역 KTX) — 좌표 정보가 한쪽 또는 양쪽에 없고 공식 환승 관계도 확인되지 않음 — 수동 검수 필요",,
REVIEW,MG-MG12-S061,MG-MG14-S061,,"잠정 병합(역명 일치 ""부전"", 지역 MUGUNGHWA) — 좌표 정보가 한쪽 또는 양쪽에 없고 공식 환승 관계도 확인되지 않음 — 수동 검수 필요",,
REVIEW,MG-MG12-S061,MG-MG16-S061,,"잠정 병합(역명 일치 ""부전"", 지역 MUGUNGHWA) — 좌표 정보가 한쪽 또는 양쪽에 없고 공식 환승 관계도 확인되지 않음 — 수동 검수 필요",,
REVIEW,MG-MG14-S061,MG-MG16-S061,,"잠정 병합(역명 일치 ""부전"", 지역 MUGUNGHWA) — 좌표 정보가 한쪽 또는 양쪽에 없고 공식 환승 관계도 확인되지 않음 — 수동 검수 필요",,
REVIEW,BS-1-123,BS-3-305,,"잠정 병합(역명 일치 ""연산"", 지역 BUSAN) — 좌표 정보가 한쪽 또는 양쪽에 없고 공식 환승 관계도 확인되지 않음 — 수동 검수 필요",,
REVIEW,MG-MG05-S109,MG-MG06-S109,,"잠정 병합(역명 일치 ""연산"", 지역 MUGUNGHWA) — 좌표 정보가 한쪽 또는 양쪽에 없고 공식 환승 관계도 확인되지 않음 — 수동 검수 필요",,
REVIEW,MG-MG05-S109,MG-MG07-S109,,"잠정 병합(역명 일치 ""연산"", 지역 MUGUNGHWA) — 좌표 정보가 한쪽 또는 양쪽에 없고 공식 환승 관계도 확인되지 않음 — 수동 검수 필요",,
REVIEW,MG-MG06-S109,MG-MG07-S109,,"잠정 병합(역명 일치 ""연산"", 지역 MUGUNGHWA) — 좌표 정보가 한쪽 또는 양쪽에 없고 공식 환승 관계도 확인되지 않음 — 수동 검수 필요",,
REVIEW,BS-2-205,KR-K6-K119,,"잠정 병합(역명 일치 ""벡스코"", 지역 BUSAN) — 좌표 정보가 한쪽 또는 양쪽에 없고 공식 환승 관계도 확인되지 않음 — 수동 검수 필요",,
REVIEW,BS-2-208,BS-3-301,,"잠정 병합(역명 일치 ""수영"", 지역 BUSAN) — 좌표 정보가 한쪽 또는 양쪽에 없고 공식 환승 관계도 확인되지 않음 — 수동 검수 필요",,
REVIEW,BS-2-233,BS-3-313,,"잠정 병합(역명 일치 ""덕천"", 지역 BUSAN) — 좌표 정보가 한쪽 또는 양쪽에 없고 공식 환승 관계도 확인되지 않음 — 수동 검수 필요",,
REVIEW,MG-MG03-S198,MG-MG16-S198,,"잠정 병합(역명 일치 ""화명"", 지역 MUGUNGHWA) — 좌표 정보가 한쪽 또는 양쪽에 없고 공식 환승 관계도 확인되지 않음 — 수동 검수 필요",,
REVIEW,MG-MG03-S198,ITX-IS01-S198,,"잠정 병합(역명 일치 ""화명"", 지역 MUGUNGHWA) — 좌표 정보가 한쪽 또는 양쪽에 없고 공식 환승 관계도 확인되지 않음 — 수동 검수 필요",,
REVIEW,MG-MG16-S198,ITX-IS01-S198,,"잠정 병합(역명 일치 ""화명"", 지역 MUGUNGHWA) — 좌표 정보가 한쪽 또는 양쪽에 없고 공식 환승 관계도 확인되지 않음 — 수동 검수 필요",,
REVIEW,BS-3-306,KR-K6-K112,,"잠정 병합(역명 일치 ""거제"", 지역 BUSAN) — 좌표 정보가 한쪽 또는 양쪽에 없고 공식 환승 관계도 확인되지 않음 — 수동 검수 필요",,
REVIEW,BS-3-309,BS-4-401,,"잠정 병합(역명 일치 ""미남"", 지역 BUSAN) — 좌표 정보가 한쪽 또는 양쪽에 없고 공식 환승 관계도 확인되지 않음 — 수동 검수 필요",,
REVIEW,GL-경부선-KTX-S012,GL-경부선-SRT-S012,,"잠정 병합(역명 일치 ""구포"", 지역 KTX) — 좌표 정보가 한쪽 또는 양쪽에 없고 공식 환승 관계도 확인되지 않음 — 수동 검수 필요",,
REVIEW,MG-MG03-S016,MG-MG16-S016,,"잠정 병합(역명 일치 ""구포"", 지역 MUGUNGHWA) — 좌표 정보가 한쪽 또는 양쪽에 없고 공식 환승 관계도 확인되지 않음 — 수동 검수 필요",,
REVIEW,MG-MG03-S016,ITX-IS01-S016,,"잠정 병합(역명 일치 ""구포"", 지역 MUGUNGHWA) — 좌표 정보가 한쪽 또는 양쪽에 없고 공식 환승 관계도 확인되지 않음 — 수동 검수 필요",,
REVIEW,MG-MG16-S016,ITX-IS01-S016,,"잠정 병합(역명 일치 ""구포"", 지역 MUGUNGHWA) — 좌표 정보가 한쪽 또는 양쪽에 없고 공식 환승 관계도 확인되지 않음 — 수동 검수 필요",,
REVIEW,MG-MG12-S084,MG-MG14-S084,,"잠정 병합(역명 일치 ""센텀"", 지역 MUGUNGHWA) — 좌표 정보가 한쪽 또는 양쪽에 없고 공식 환승 관계도 확인되지 않음 — 수동 검수 필요",,
REVIEW,MG-MG12-S095,MG-MG14-S095,,"잠정 병합(역명 일치 ""신해운대"", 지역 MUGUNGHWA) — 좌표 정보가 한쪽 또는 양쪽에 없고 공식 환승 관계도 확인되지 않음 — 수동 검수 필요",,
REVIEW,MG-MG12-S021,MG-MG14-S021,,"잠정 병합(역명 일치 ""기장"", 지역 MUGUNGHWA) — 좌표 정보가 한쪽 또는 양쪽에 없고 공식 환승 관계도 확인되지 않음 — 수동 검수 필요",,
REVIEW,MG-MG12-S027,MG-MG14-S027,,"잠정 병합(역명 일치 ""남창"", 지역 MUGUNGHWA) — 좌표 정보가 한쪽 또는 양쪽에 없고 공식 환승 관계도 확인되지 않음 — 수동 검수 필요",,
REVIEW,GL-중앙선-KTX-S081,GL-동해선 전구간-KTX-S081,,"잠정 병합(역명 일치 ""태화강"", 지역 KTX) — 좌표 정보가 한쪽 또는 양쪽에 없고 공식 환승 관계도 확인되지 않음 — 수동 검수 필요",,
REVIEW,MG-MG12-S183,MG-MG14-S183,,"잠정 병합(역명 일치 ""태화강"", 지역 MUGUNGHWA) — 좌표 정보가 한쪽 또는 양쪽에 없고 공식 환승 관계도 확인되지 않음 — 수동 검수 필요",,
REVIEW,DG-1-0129,DG-3-0331,,"잠정 병합(역명 일치 ""명덕"", 지역 DAEGU) — 좌표 정보가 한쪽 또는 양쪽에 없고 공식 환승 관계도 확인되지 않음 — 수동 검수 필요",,
REVIEW,DG-1-0130,DG-2-0230,,"잠정 병합(역명 일치 ""반월당"", 지역 DAEGU) — 좌표 정보가 한쪽 또는 양쪽에 없고 공식 환승 관계도 확인되지 않음 — 수동 검수 필요",,
REVIEW,DG-1-0132,KR-K7-K117,,"잠정 병합(역명 일치 ""대구"", 지역 DAEGU) — 좌표 정보가 한쪽 또는 양쪽에 없고 공식 환승 관계도 확인되지 않음 — 수동 검수 필요",,
REVIEW,MG-MG01-S033,MG-MG03-S033,,"잠정 병합(역명 일치 ""대구"", 지역 MUGUNGHWA) — 좌표 정보가 한쪽 또는 양쪽에 없고 공식 환승 관계도 확인되지 않음 — 수동 검수 필요",,
REVIEW,MG-MG01-S033,ITX-IS01-S033,,"잠정 병합(역명 일치 ""대구"", 지역 MUGUNGHWA) — 좌표 정보가 한쪽 또는 양쪽에 없고 공식 환승 관계도 확인되지 않음 — 수동 검수 필요",,
REVIEW,MG-MG01-S033,ITX-IS02-S033,,"잠정 병합(역명 일치 ""대구"", 지역 MUGUNGHWA) — 좌표 정보가 한쪽 또는 양쪽에 없고 공식 환승 관계도 확인되지 않음 — 수동 검수 필요",,
REVIEW,MG-MG03-S033,ITX-IS01-S033,,"잠정 병합(역명 일치 ""대구"", 지역 MUGUNGHWA) — 좌표 정보가 한쪽 또는 양쪽에 없고 공식 환승 관계도 확인되지 않음 — 수동 검수 필요",,
REVIEW,MG-MG03-S033,ITX-IS02-S033,,"잠정 병합(역명 일치 ""대구"", 지역 MUGUNGHWA) — 좌표 정보가 한쪽 또는 양쪽에 없고 공식 환승 관계도 확인되지 않음 — 수동 검수 필요",,
REVIEW,ITX-IS01-S033,ITX-IS02-S033,,"잠정 병합(역명 일치 ""대구"", 지역 MUGUNGHWA) — 좌표 정보가 한쪽 또는 양쪽에 없고 공식 환승 관계도 확인되지 않음 — 수동 검수 필요",,
REVIEW,DG-1-0135,KR-K7-K118,,"잠정 병합(역명 일치 ""동대구"", 지역 DAEGU) — 좌표 정보가 한쪽 또는 양쪽에 없고 공식 환승 관계도 확인되지 않음 — 수동 검수 필요",,
REVIEW,GL-경부선-KTX-S023,GL-경부선-SRT-S023,,"잠정 병합(역명 일치 ""동대구"", 지역 KTX) — 좌표 정보가 한쪽 또는 양쪽에 없고 공식 환승 관계도 확인되지 않음 — 수동 검수 필요",,
REVIEW,GL-경부선-KTX-S023,GL-동해선-KTX-S023,,"잠정 병합(역명 일치 ""동대구"", 지역 KTX) — 좌표 정보가 한쪽 또는 양쪽에 없고 공식 환승 관계도 확인되지 않음 — 수동 검수 필요",,
REVIEW,GL-경부선-KTX-S023,GL-동해선-SRT-S023,,"잠정 병합(역명 일치 ""동대구"", 지역 KTX) — 좌표 정보가 한쪽 또는 양쪽에 없고 공식 환승 관계도 확인되지 않음 — 수동 검수 필요",,
REVIEW,GL-경부선-KTX-S023,GL-경전선-KTX-S023,,"잠정 병합(역명 일치 ""동대구"", 지역 KTX) — 좌표 정보가 한쪽 또는 양쪽에 없고 공식 환승 관계도 확인되지 않음 — 수동 검수 필요",,
REVIEW,GL-경부선-KTX-S023,GL-경전선-SRT-S023,,"잠정 병합(역명 일치 ""동대구"", 지역 KTX) — 좌표 정보가 한쪽 또는 양쪽에 없고 공식 환승 관계도 확인되지 않음 — 수동 검수 필요",,
REVIEW,GL-경부선-SRT-S023,GL-동해선-KTX-S023,,"잠정 병합(역명 일치 ""동대구"", 지역 KTX) — 좌표 정보가 한쪽 또는 양쪽에 없고 공식 환승 관계도 확인되지 않음 — 수동 검수 필요",,
REVIEW,GL-경부선-SRT-S023,GL-동해선-SRT-S023,,"잠정 병합(역명 일치 ""동대구"", 지역 KTX) — 좌표 정보가 한쪽 또는 양쪽에 없고 공식 환승 관계도 확인되지 않음 — 수동 검수 필요",,
REVIEW,GL-경부선-SRT-S023,GL-경전선-KTX-S023,,"잠정 병합(역명 일치 ""동대구"", 지역 KTX) — 좌표 정보가 한쪽 또는 양쪽에 없고 공식 환승 관계도 확인되지 않음 — 수동 검수 필요",,
REVIEW,GL-경부선-SRT-S023,GL-경전선-SRT-S023,,"잠정 병합(역명 일치 ""동대구"", 지역 KTX) — 좌표 정보가 한쪽 또는 양쪽에 없고 공식 환승 관계도 확인되지 않음 — 수동 검수 필요",,
REVIEW,GL-동해선-KTX-S023,GL-동해선-SRT-S023,,"잠정 병합(역명 일치 ""동대구"", 지역 KTX) — 좌표 정보가 한쪽 또는 양쪽에 없고 공식 환승 관계도 확인되지 않음 — 수동 검수 필요",,
REVIEW,GL-동해선-KTX-S023,GL-경전선-KTX-S023,,"잠정 병합(역명 일치 ""동대구"", 지역 KTX) — 좌표 정보가 한쪽 또는 양쪽에 없고 공식 환승 관계도 확인되지 않음 — 수동 검수 필요",,
REVIEW,GL-동해선-KTX-S023,GL-경전선-SRT-S023,,"잠정 병합(역명 일치 ""동대구"", 지역 KTX) — 좌표 정보가 한쪽 또는 양쪽에 없고 공식 환승 관계도 확인되지 않음 — 수동 검수 필요",,
REVIEW,GL-동해선-SRT-S023,GL-경전선-KTX-S023,,"잠정 병합(역명 일치 ""동대구"", 지역 KTX) — 좌표 정보가 한쪽 또는 양쪽에 없고 공식 환승 관계도 확인되지 않음 — 수동 검수 필요",,
REVIEW,GL-동해선-SRT-S023,GL-경전선-SRT-S023,,"잠정 병합(역명 일치 ""동대구"", 지역 KTX) — 좌표 정보가 한쪽 또는 양쪽에 없고 공식 환승 관계도 확인되지 않음 — 수동 검수 필요",,
REVIEW,GL-경전선-KTX-S023,GL-경전선-SRT-S023,,"잠정 병합(역명 일치 ""동대구"", 지역 KTX) — 좌표 정보가 한쪽 또는 양쪽에 없고 공식 환승 관계도 확인되지 않음 — 수동 검수 필요",,
REVIEW,MG-MG01-S040,MG-MG03-S040,,"잠정 병합(역명 일치 ""동대구"", 지역 MUGUNGHWA) — 좌표 정보가 한쪽 또는 양쪽에 없고 공식 환승 관계도 확인되지 않음 — 수동 검수 필요",,
REVIEW,MG-MG01-S040,MG-MG11-S040,,"잠정 병합(역명 일치 ""동대구"", 지역 MUGUNGHWA) — 좌표 정보가 한쪽 또는 양쪽에 없고 공식 환승 관계도 확인되지 않음 — 수동 검수 필요",,
REVIEW,MG-MG01-S040,MG-MG12-S040,,"잠정 병합(역명 일치 ""동대구"", 지역 MUGUNGHWA) — 좌표 정보가 한쪽 또는 양쪽에 없고 공식 환승 관계도 확인되지 않음 — 수동 검수 필요",,
REVIEW,MG-MG01-S040,MG-MG13-S040,,"잠정 병합(역명 일치 ""동대구"", 지역 MUGUNGHWA) — 좌표 정보가 한쪽 또는 양쪽에 없고 공식 환승 관계도 확인되지 않음 — 수동 검수 필요",,
REVIEW,MG-MG01-S040,MG-MG15-S040,,"잠정 병합(역명 일치 ""동대구"", 지역 MUGUNGHWA) — 좌표 정보가 한쪽 또는 양쪽에 없고 공식 환승 관계도 확인되지 않음 — 수동 검수 필요",,
REVIEW,MG-MG01-S040,ITX-IS01-S040,,"잠정 병합(역명 일치 ""동대구"", 지역 MUGUNGHWA) — 좌표 정보가 한쪽 또는 양쪽에 없고 공식 환승 관계도 확인되지 않음 — 수동 검수 필요",,
REVIEW,MG-MG01-S040,ITX-IS02-S040,,"잠정 병합(역명 일치 ""동대구"", 지역 MUGUNGHWA) — 좌표 정보가 한쪽 또는 양쪽에 없고 공식 환승 관계도 확인되지 않음 — 수동 검수 필요",,
REVIEW,MG-MG03-S040,MG-MG11-S040,,"잠정 병합(역명 일치 ""동대구"", 지역 MUGUNGHWA) — 좌표 정보가 한쪽 또는 양쪽에 없고 공식 환승 관계도 확인되지 않음 — 수동 검수 필요",,
REVIEW,MG-MG03-S040,MG-MG12-S040,,"잠정 병합(역명 일치 ""동대구"", 지역 MUGUNGHWA) — 좌표 정보가 한쪽 또는 양쪽에 없고 공식 환승 관계도 확인되지 않음 — 수동 검수 필요",,
REVIEW,MG-MG03-S040,MG-MG13-S040,,"잠정 병합(역명 일치 ""동대구"", 지역 MUGUNGHWA) — 좌표 정보가 한쪽 또는 양쪽에 없고 공식 환승 관계도 확인되지 않음 — 수동 검수 필요",,
REVIEW,MG-MG03-S040,MG-MG15-S040,,"잠정 병합(역명 일치 ""동대구"", 지역 MUGUNGHWA) — 좌표 정보가 한쪽 또는 양쪽에 없고 공식 환승 관계도 확인되지 않음 — 수동 검수 필요",,
REVIEW,MG-MG03-S040,ITX-IS01-S040,,"잠정 병합(역명 일치 ""동대구"", 지역 MUGUNGHWA) — 좌표 정보가 한쪽 또는 양쪽에 없고 공식 환승 관계도 확인되지 않음 — 수동 검수 필요",,
REVIEW,MG-MG03-S040,ITX-IS02-S040,,"잠정 병합(역명 일치 ""동대구"", 지역 MUGUNGHWA) — 좌표 정보가 한쪽 또는 양쪽에 없고 공식 환승 관계도 확인되지 않음 — 수동 검수 필요",,
REVIEW,MG-MG11-S040,MG-MG12-S040,,"잠정 병합(역명 일치 ""동대구"", 지역 MUGUNGHWA) — 좌표 정보가 한쪽 또는 양쪽에 없고 공식 환승 관계도 확인되지 않음 — 수동 검수 필요",,
REVIEW,MG-MG11-S040,MG-MG13-S040,,"잠정 병합(역명 일치 ""동대구"", 지역 MUGUNGHWA) — 좌표 정보가 한쪽 또는 양쪽에 없고 공식 환승 관계도 확인되지 않음 — 수동 검수 필요",,
REVIEW,MG-MG11-S040,MG-MG15-S040,,"잠정 병합(역명 일치 ""동대구"", 지역 MUGUNGHWA) — 좌표 정보가 한쪽 또는 양쪽에 없고 공식 환승 관계도 확인되지 않음 — 수동 검수 필요",,
REVIEW,MG-MG11-S040,ITX-IS01-S040,,"잠정 병합(역명 일치 ""동대구"", 지역 MUGUNGHWA) — 좌표 정보가 한쪽 또는 양쪽에 없고 공식 환승 관계도 확인되지 않음 — 수동 검수 필요",,
REVIEW,MG-MG11-S040,ITX-IS02-S040,,"잠정 병합(역명 일치 ""동대구"", 지역 MUGUNGHWA) — 좌표 정보가 한쪽 또는 양쪽에 없고 공식 환승 관계도 확인되지 않음 — 수동 검수 필요",,
REVIEW,MG-MG12-S040,MG-MG13-S040,,"잠정 병합(역명 일치 ""동대구"", 지역 MUGUNGHWA) — 좌표 정보가 한쪽 또는 양쪽에 없고 공식 환승 관계도 확인되지 않음 — 수동 검수 필요",,
REVIEW,MG-MG12-S040,MG-MG15-S040,,"잠정 병합(역명 일치 ""동대구"", 지역 MUGUNGHWA) — 좌표 정보가 한쪽 또는 양쪽에 없고 공식 환승 관계도 확인되지 않음 — 수동 검수 필요",,
REVIEW,MG-MG12-S040,ITX-IS01-S040,,"잠정 병합(역명 일치 ""동대구"", 지역 MUGUNGHWA) — 좌표 정보가 한쪽 또는 양쪽에 없고 공식 환승 관계도 확인되지 않음 — 수동 검수 필요",,
REVIEW,MG-MG12-S040,ITX-IS02-S040,,"잠정 병합(역명 일치 ""동대구"", 지역 MUGUNGHWA) — 좌표 정보가 한쪽 또는 양쪽에 없고 공식 환승 관계도 확인되지 않음 — 수동 검수 필요",,
REVIEW,MG-MG13-S040,MG-MG15-S040,,"잠정 병합(역명 일치 ""동대구"", 지역 MUGUNGHWA) — 좌표 정보가 한쪽 또는 양쪽에 없고 공식 환승 관계도 확인되지 않음 — 수동 검수 필요",,
REVIEW,MG-MG13-S040,ITX-IS01-S040,,"잠정 병합(역명 일치 ""동대구"", 지역 MUGUNGHWA) — 좌표 정보가 한쪽 또는 양쪽에 없고 공식 환승 관계도 확인되지 않음 — 수동 검수 필요",,
REVIEW,MG-MG13-S040,ITX-IS02-S040,,"잠정 병합(역명 일치 ""동대구"", 지역 MUGUNGHWA) — 좌표 정보가 한쪽 또는 양쪽에 없고 공식 환승 관계도 확인되지 않음 — 수동 검수 필요",,
REVIEW,MG-MG15-S040,ITX-IS01-S040,,"잠정 병합(역명 일치 ""동대구"", 지역 MUGUNGHWA) — 좌표 정보가 한쪽 또는 양쪽에 없고 공식 환승 관계도 확인되지 않음 — 수동 검수 필요",,
REVIEW,MG-MG15-S040,ITX-IS02-S040,,"잠정 병합(역명 일치 ""동대구"", 지역 MUGUNGHWA) — 좌표 정보가 한쪽 또는 양쪽에 없고 공식 환승 관계도 확인되지 않음 — 수동 검수 필요",,
REVIEW,ITX-IS01-S040,ITX-IS02-S040,,"잠정 병합(역명 일치 ""동대구"", 지역 MUGUNGHWA) — 좌표 정보가 한쪽 또는 양쪽에 없고 공식 환승 관계도 확인되지 않음 — 수동 검수 필요",,
REVIEW,MG-MG10-S089,MG-MG11-S089,,"잠정 병합(역명 일치 ""신기"", 지역 MUGUNGHWA) — 좌표 정보가 한쪽 또는 양쪽에 없고 공식 환승 관계도 확인되지 않음 — 수동 검수 필요",,
REVIEW,MG-MG11-S189,MG-MG12-S189,,"잠정 병합(역명 일치 ""하양"", 지역 MUGUNGHWA) — 좌표 정보가 한쪽 또는 양쪽에 없고 공식 환승 관계도 확인되지 않음 — 수동 검수 필요",,
REVIEW,MG-MG11-S189,MG-MG13-S189,,"잠정 병합(역명 일치 ""하양"", 지역 MUGUNGHWA) — 좌표 정보가 한쪽 또는 양쪽에 없고 공식 환승 관계도 확인되지 않음 — 수동 검수 필요",,
REVIEW,MG-MG12-S189,MG-MG13-S189,,"잠정 병합(역명 일치 ""하양"", 지역 MUGUNGHWA) — 좌표 정보가 한쪽 또는 양쪽에 없고 공식 환승 관계도 확인되지 않음 — 수동 검수 필요",,
REVIEW,DG-2-0229,DG-3-0329,,"잠정 병합(역명 일치 ""청라언덕"", 지역 DAEGU) — 좌표 정보가 한쪽 또는 양쪽에 없고 공식 환승 관계도 확인되지 않음 — 수동 검수 필요",,
REVIEW,MG-MG01-S015,MG-MG03-S015,,"잠정 병합(역명 일치 ""구미"", 지역 MUGUNGHWA) — 좌표 정보가 한쪽 또는 양쪽에 없고 공식 환승 관계도 확인되지 않음 — 수동 검수 필요",,
REVIEW,MG-MG01-S015,ITX-IS01-S015,,"잠정 병합(역명 일치 ""구미"", 지역 MUGUNGHWA) — 좌표 정보가 한쪽 또는 양쪽에 없고 공식 환승 관계도 확인되지 않음 — 수동 검수 필요",,
REVIEW,MG-MG01-S015,ITX-IS02-S015,,"잠정 병합(역명 일치 ""구미"", 지역 MUGUNGHWA) — 좌표 정보가 한쪽 또는 양쪽에 없고 공식 환승 관계도 확인되지 않음 — 수동 검수 필요",,
REVIEW,MG-MG03-S015,ITX-IS01-S015,,"잠정 병합(역명 일치 ""구미"", 지역 MUGUNGHWA) — 좌표 정보가 한쪽 또는 양쪽에 없고 공식 환승 관계도 확인되지 않음 — 수동 검수 필요",,
REVIEW,MG-MG03-S015,ITX-IS02-S015,,"잠정 병합(역명 일치 ""구미"", 지역 MUGUNGHWA) — 좌표 정보가 한쪽 또는 양쪽에 없고 공식 환승 관계도 확인되지 않음 — 수동 검수 필요",,
REVIEW,ITX-IS01-S015,ITX-IS02-S015,,"잠정 병합(역명 일치 ""구미"", 지역 MUGUNGHWA) — 좌표 정보가 한쪽 또는 양쪽에 없고 공식 환승 관계도 확인되지 않음 — 수동 검수 필요",,
REVIEW,MG-MG01-S128,MG-MG03-S128,,"잠정 병합(역명 일치 ""왜관"", 지역 MUGUNGHWA) — 좌표 정보가 한쪽 또는 양쪽에 없고 공식 환승 관계도 확인되지 않음 — 수동 검수 필요",,
REVIEW,MG-MG01-S128,ITX-IS01-S128,,"잠정 병합(역명 일치 ""왜관"", 지역 MUGUNGHWA) — 좌표 정보가 한쪽 또는 양쪽에 없고 공식 환승 관계도 확인되지 않음 — 수동 검수 필요",,
REVIEW,MG-MG01-S128,ITX-IS02-S128,,"잠정 병합(역명 일치 ""왜관"", 지역 MUGUNGHWA) — 좌표 정보가 한쪽 또는 양쪽에 없고 공식 환승 관계도 확인되지 않음 — 수동 검수 필요",,
REVIEW,MG-MG03-S128,ITX-IS01-S128,,"잠정 병합(역명 일치 ""왜관"", 지역 MUGUNGHWA) — 좌표 정보가 한쪽 또는 양쪽에 없고 공식 환승 관계도 확인되지 않음 — 수동 검수 필요",,
REVIEW,MG-MG03-S128,ITX-IS02-S128,,"잠정 병합(역명 일치 ""왜관"", 지역 MUGUNGHWA) — 좌표 정보가 한쪽 또는 양쪽에 없고 공식 환승 관계도 확인되지 않음 — 수동 검수 필요",,
REVIEW,ITX-IS01-S128,ITX-IS02-S128,,"잠정 병합(역명 일치 ""왜관"", 지역 MUGUNGHWA) — 좌표 정보가 한쪽 또는 양쪽에 없고 공식 환승 관계도 확인되지 않음 — 수동 검수 필요",,
REVIEW,GL-경부선-KTX-S041,GL-경부선-SRT-S041,,"잠정 병합(역명 일치 ""서대구"", 지역 KTX) — 좌표 정보가 한쪽 또는 양쪽에 없고 공식 환승 관계도 확인되지 않음 — 수동 검수 필요",,
REVIEW,GL-경부선-KTX-S041,GL-동해선-KTX-S041,,"잠정 병합(역명 일치 ""서대구"", 지역 KTX) — 좌표 정보가 한쪽 또는 양쪽에 없고 공식 환승 관계도 확인되지 않음 — 수동 검수 필요",,
REVIEW,GL-경부선-KTX-S041,GL-경전선-KTX-S041,,"잠정 병합(역명 일치 ""서대구"", 지역 KTX) — 좌표 정보가 한쪽 또는 양쪽에 없고 공식 환승 관계도 확인되지 않음 — 수동 검수 필요",,
REVIEW,GL-경부선-KTX-S041,GL-경전선-SRT-S041,,"잠정 병합(역명 일치 ""서대구"", 지역 KTX) — 좌표 정보가 한쪽 또는 양쪽에 없고 공식 환승 관계도 확인되지 않음 — 수동 검수 필요",,
REVIEW,GL-경부선-SRT-S041,GL-동해선-KTX-S041,,"잠정 병합(역명 일치 ""서대구"", 지역 KTX) — 좌표 정보가 한쪽 또는 양쪽에 없고 공식 환승 관계도 확인되지 않음 — 수동 검수 필요",,
REVIEW,GL-경부선-SRT-S041,GL-경전선-KTX-S041,,"잠정 병합(역명 일치 ""서대구"", 지역 KTX) — 좌표 정보가 한쪽 또는 양쪽에 없고 공식 환승 관계도 확인되지 않음 — 수동 검수 필요",,
REVIEW,GL-경부선-SRT-S041,GL-경전선-SRT-S041,,"잠정 병합(역명 일치 ""서대구"", 지역 KTX) — 좌표 정보가 한쪽 또는 양쪽에 없고 공식 환승 관계도 확인되지 않음 — 수동 검수 필요",,
REVIEW,GL-동해선-KTX-S041,GL-경전선-KTX-S041,,"잠정 병합(역명 일치 ""서대구"", 지역 KTX) — 좌표 정보가 한쪽 또는 양쪽에 없고 공식 환승 관계도 확인되지 않음 — 수동 검수 필요",,
REVIEW,GL-동해선-KTX-S041,GL-경전선-SRT-S041,,"잠정 병합(역명 일치 ""서대구"", 지역 KTX) — 좌표 정보가 한쪽 또는 양쪽에 없고 공식 환승 관계도 확인되지 않음 — 수동 검수 필요",,
REVIEW,GL-경전선-KTX-S041,GL-경전선-SRT-S041,,"잠정 병합(역명 일치 ""서대구"", 지역 KTX) — 좌표 정보가 한쪽 또는 양쪽에 없고 공식 환승 관계도 확인되지 않음 — 수동 검수 필요",,
REVIEW,GL-경부선-KTX-S004,GL-경전선-KTX-S004,,"잠정 병합(역명 일치 ""경산"", 지역 KTX) — 좌표 정보가 한쪽 또는 양쪽에 없고 공식 환승 관계도 확인되지 않음 — 수동 검수 필요",,
REVIEW,MG-MG03-S005,MG-MG15-S005,,"잠정 병합(역명 일치 ""경산"", 지역 MUGUNGHWA) — 좌표 정보가 한쪽 또는 양쪽에 없고 공식 환승 관계도 확인되지 않음 — 수동 검수 필요",,
REVIEW,MG-MG03-S005,ITX-IS01-S005,,"잠정 병합(역명 일치 ""경산"", 지역 MUGUNGHWA) — 좌표 정보가 한쪽 또는 양쪽에 없고 공식 환승 관계도 확인되지 않음 — 수동 검수 필요",,
REVIEW,MG-MG15-S005,ITX-IS01-S005,,"잠정 병합(역명 일치 ""경산"", 지역 MUGUNGHWA) — 좌표 정보가 한쪽 또는 양쪽에 없고 공식 환승 관계도 확인되지 않음 — 수동 검수 필요",,
REVIEW,GL-호남선-KTX-S010,GL-호남선-SRT-S010,,"잠정 병합(역명 일치 ""광주송정"", 지역 KTX) — 좌표 정보가 한쪽 또는 양쪽에 없고 공식 환승 관계도 확인되지 않음 — 수동 검수 필요",,
REVIEW,MG-MG07-S012,MG-MG08-S012,,"잠정 병합(역명 일치 ""광주송정"", 지역 MUGUNGHWA) — 좌표 정보가 한쪽 또는 양쪽에 없고 공식 환승 관계도 확인되지 않음 — 수동 검수 필요",,
REVIEW,MG-MG07-S012,MG-MG17-S012,,"잠정 병합(역명 일치 ""광주송정"", 지역 MUGUNGHWA) — 좌표 정보가 한쪽 또는 양쪽에 없고 공식 환승 관계도 확인되지 않음 — 수동 검수 필요",,
REVIEW,MG-MG07-S012,ITX-IS03-S012,,"잠정 병합(역명 일치 ""광주송정"", 지역 MUGUNGHWA) — 좌표 정보가 한쪽 또는 양쪽에 없고 공식 환승 관계도 확인되지 않음 — 수동 검수 필요",,
REVIEW,MG-MG08-S012,MG-MG17-S012,,"잠정 병합(역명 일치 ""광주송정"", 지역 MUGUNGHWA) — 좌표 정보가 한쪽 또는 양쪽에 없고 공식 환승 관계도 확인되지 않음 — 수동 검수 필요",,
REVIEW,MG-MG08-S012,ITX-IS03-S012,,"잠정 병합(역명 일치 ""광주송정"", 지역 MUGUNGHWA) — 좌표 정보가 한쪽 또는 양쪽에 없고 공식 환승 관계도 확인되지 않음 — 수동 검수 필요",,
REVIEW,MG-MG17-S012,ITX-IS03-S012,,"잠정 병합(역명 일치 ""광주송정"", 지역 MUGUNGHWA) — 좌표 정보가 한쪽 또는 양쪽에 없고 공식 환승 관계도 확인되지 않음 — 수동 검수 필요",,
REVIEW,GL-경부선-KTX-S021,GL-경부선-SRT-S021,,"잠정 병합(역명 일치 ""대전"", 지역 KTX) — 좌표 정보가 한쪽 또는 양쪽에 없고 공식 환승 관계도 확인되지 않음 — 수동 검수 필요",,
REVIEW,GL-경부선-KTX-S021,GL-동해선-KTX-S021,,"잠정 병합(역명 일치 ""대전"", 지역 KTX) — 좌표 정보가 한쪽 또는 양쪽에 없고 공식 환승 관계도 확인되지 않음 — 수동 검수 필요",,
REVIEW,GL-경부선-KTX-S021,GL-동해선-SRT-S021,,"잠정 병합(역명 일치 ""대전"", 지역 KTX) — 좌표 정보가 한쪽 또는 양쪽에 없고 공식 환승 관계도 확인되지 않음 — 수동 검수 필요",,
REVIEW,GL-경부선-KTX-S021,GL-경전선-KTX-S021,,"잠정 병합(역명 일치 ""대전"", 지역 KTX) — 좌표 정보가 한쪽 또는 양쪽에 없고 공식 환승 관계도 확인되지 않음 — 수동 검수 필요",,
REVIEW,GL-경부선-KTX-S021,GL-경전선-SRT-S021,,"잠정 병합(역명 일치 ""대전"", 지역 KTX) — 좌표 정보가 한쪽 또는 양쪽에 없고 공식 환승 관계도 확인되지 않음 — 수동 검수 필요",,
REVIEW,GL-경부선-SRT-S021,GL-동해선-KTX-S021,,"잠정 병합(역명 일치 ""대전"", 지역 KTX) — 좌표 정보가 한쪽 또는 양쪽에 없고 공식 환승 관계도 확인되지 않음 — 수동 검수 필요",,
REVIEW,GL-경부선-SRT-S021,GL-동해선-SRT-S021,,"잠정 병합(역명 일치 ""대전"", 지역 KTX) — 좌표 정보가 한쪽 또는 양쪽에 없고 공식 환승 관계도 확인되지 않음 — 수동 검수 필요",,
REVIEW,GL-경부선-SRT-S021,GL-경전선-KTX-S021,,"잠정 병합(역명 일치 ""대전"", 지역 KTX) — 좌표 정보가 한쪽 또는 양쪽에 없고 공식 환승 관계도 확인되지 않음 — 수동 검수 필요",,
REVIEW,GL-경부선-SRT-S021,GL-경전선-SRT-S021,,"잠정 병합(역명 일치 ""대전"", 지역 KTX) — 좌표 정보가 한쪽 또는 양쪽에 없고 공식 환승 관계도 확인되지 않음 — 수동 검수 필요",,
REVIEW,GL-동해선-KTX-S021,GL-동해선-SRT-S021,,"잠정 병합(역명 일치 ""대전"", 지역 KTX) — 좌표 정보가 한쪽 또는 양쪽에 없고 공식 환승 관계도 확인되지 않음 — 수동 검수 필요",,
REVIEW,GL-동해선-KTX-S021,GL-경전선-KTX-S021,,"잠정 병합(역명 일치 ""대전"", 지역 KTX) — 좌표 정보가 한쪽 또는 양쪽에 없고 공식 환승 관계도 확인되지 않음 — 수동 검수 필요",,
REVIEW,GL-동해선-KTX-S021,GL-경전선-SRT-S021,,"잠정 병합(역명 일치 ""대전"", 지역 KTX) — 좌표 정보가 한쪽 또는 양쪽에 없고 공식 환승 관계도 확인되지 않음 — 수동 검수 필요",,
REVIEW,GL-동해선-SRT-S021,GL-경전선-KTX-S021,,"잠정 병합(역명 일치 ""대전"", 지역 KTX) — 좌표 정보가 한쪽 또는 양쪽에 없고 공식 환승 관계도 확인되지 않음 — 수동 검수 필요",,
REVIEW,GL-동해선-SRT-S021,GL-경전선-SRT-S021,,"잠정 병합(역명 일치 ""대전"", 지역 KTX) — 좌표 정보가 한쪽 또는 양쪽에 없고 공식 환승 관계도 확인되지 않음 — 수동 검수 필요",,
REVIEW,GL-경전선-KTX-S021,GL-경전선-SRT-S021,,"잠정 병합(역명 일치 ""대전"", 지역 KTX) — 좌표 정보가 한쪽 또는 양쪽에 없고 공식 환승 관계도 확인되지 않음 — 수동 검수 필요",,
REVIEW,MG-MG01-S035,MG-MG03-S035,,"잠정 병합(역명 일치 ""대전"", 지역 MUGUNGHWA) — 좌표 정보가 한쪽 또는 양쪽에 없고 공식 환승 관계도 확인되지 않음 — 수동 검수 필요",,
REVIEW,MG-MG01-S035,ITX-IS01-S035,,"잠정 병합(역명 일치 ""대전"", 지역 MUGUNGHWA) — 좌표 정보가 한쪽 또는 양쪽에 없고 공식 환승 관계도 확인되지 않음 — 수동 검수 필요",,
REVIEW,MG-MG01-S035,ITX-IS02-S035,,"잠정 병합(역명 일치 ""대전"", 지역 MUGUNGHWA) — 좌표 정보가 한쪽 또는 양쪽에 없고 공식 환승 관계도 확인되지 않음 — 수동 검수 필요",,
REVIEW,MG-MG03-S035,ITX-IS01-S035,,"잠정 병합(역명 일치 ""대전"", 지역 MUGUNGHWA) — 좌표 정보가 한쪽 또는 양쪽에 없고 공식 환승 관계도 확인되지 않음 — 수동 검수 필요",,
REVIEW,MG-MG03-S035,ITX-IS02-S035,,"잠정 병합(역명 일치 ""대전"", 지역 MUGUNGHWA) — 좌표 정보가 한쪽 또는 양쪽에 없고 공식 환승 관계도 확인되지 않음 — 수동 검수 필요",,
REVIEW,ITX-IS01-S035,ITX-IS02-S035,,"잠정 병합(역명 일치 ""대전"", 지역 MUGUNGHWA) — 좌표 정보가 한쪽 또는 양쪽에 없고 공식 환승 관계도 확인되지 않음 — 수동 검수 필요",,
REVIEW,GL-경부선-KTX-S078,GL-경부선-SRT-S078,,"잠정 병합(역명 일치 ""천안아산"", 지역 KTX) — 좌표 정보가 한쪽 또는 양쪽에 없고 공식 환승 관계도 확인되지 않음 — 수동 검수 필요",,
REVIEW,GL-경부선-KTX-S078,GL-호남선-KTX-S078,,"잠정 병합(역명 일치 ""천안아산"", 지역 KTX) — 좌표 정보가 한쪽 또는 양쪽에 없고 공식 환승 관계도 확인되지 않음 — 수동 검수 필요",,
REVIEW,GL-경부선-KTX-S078,GL-호남선-SRT-S078,,"잠정 병합(역명 일치 ""천안아산"", 지역 KTX) — 좌표 정보가 한쪽 또는 양쪽에 없고 공식 환승 관계도 확인되지 않음 — 수동 검수 필요",,
REVIEW,GL-경부선-KTX-S078,GL-전라선-KTX-S078,,"잠정 병합(역명 일치 ""천안아산"", 지역 KTX) — 좌표 정보가 한쪽 또는 양쪽에 없고 공식 환승 관계도 확인되지 않음 — 수동 검수 필요",,
REVIEW,GL-경부선-KTX-S078,GL-전라선-SRT-S078,,"잠정 병합(역명 일치 ""천안아산"", 지역 KTX) — 좌표 정보가 한쪽 또는 양쪽에 없고 공식 환승 관계도 확인되지 않음 — 수동 검수 필요",,
REVIEW,GL-경부선-KTX-S078,GL-동해선-KTX-S078,,"잠정 병합(역명 일치 ""천안아산"", 지역 KTX) — 좌표 정보가 한쪽 또는 양쪽에 없고 공식 환승 관계도 확인되지 않음 — 수동 검수 필요",,
REVIEW,GL-경부선-KTX-S078,GL-동해선-SRT-S078,,"잠정 병합(역명 일치 ""천안아산"", 지역 KTX) — 좌표 정보가 한쪽 또는 양쪽에 없고 공식 환승 관계도 확인되지 않음 — 수동 검수 필요",,
REVIEW,GL-경부선-KTX-S078,GL-경전선-KTX-S078,,"잠정 병합(역명 일치 ""천안아산"", 지역 KTX) — 좌표 정보가 한쪽 또는 양쪽에 없고 공식 환승 관계도 확인되지 않음 — 수동 검수 필요",,
REVIEW,GL-경부선-KTX-S078,GL-경전선-SRT-S078,,"잠정 병합(역명 일치 ""천안아산"", 지역 KTX) — 좌표 정보가 한쪽 또는 양쪽에 없고 공식 환승 관계도 확인되지 않음 — 수동 검수 필요",,
REVIEW,GL-경부선-SRT-S078,GL-호남선-KTX-S078,,"잠정 병합(역명 일치 ""천안아산"", 지역 KTX) — 좌표 정보가 한쪽 또는 양쪽에 없고 공식 환승 관계도 확인되지 않음 — 수동 검수 필요",,
REVIEW,GL-경부선-SRT-S078,GL-호남선-SRT-S078,,"잠정 병합(역명 일치 ""천안아산"", 지역 KTX) — 좌표 정보가 한쪽 또는 양쪽에 없고 공식 환승 관계도 확인되지 않음 — 수동 검수 필요",,
REVIEW,GL-경부선-SRT-S078,GL-전라선-KTX-S078,,"잠정 병합(역명 일치 ""천안아산"", 지역 KTX) — 좌표 정보가 한쪽 또는 양쪽에 없고 공식 환승 관계도 확인되지 않음 — 수동 검수 필요",,
REVIEW,GL-경부선-SRT-S078,GL-전라선-SRT-S078,,"잠정 병합(역명 일치 ""천안아산"", 지역 KTX) — 좌표 정보가 한쪽 또는 양쪽에 없고 공식 환승 관계도 확인되지 않음 — 수동 검수 필요",,
REVIEW,GL-경부선-SRT-S078,GL-동해선-KTX-S078,,"잠정 병합(역명 일치 ""천안아산"", 지역 KTX) — 좌표 정보가 한쪽 또는 양쪽에 없고 공식 환승 관계도 확인되지 않음 — 수동 검수 필요",,
REVIEW,GL-경부선-SRT-S078,GL-동해선-SRT-S078,,"잠정 병합(역명 일치 ""천안아산"", 지역 KTX) — 좌표 정보가 한쪽 또는 양쪽에 없고 공식 환승 관계도 확인되지 않음 — 수동 검수 필요",,
REVIEW,GL-경부선-SRT-S078,GL-경전선-KTX-S078,,"잠정 병합(역명 일치 ""천안아산"", 지역 KTX) — 좌표 정보가 한쪽 또는 양쪽에 없고 공식 환승 관계도 확인되지 않음 — 수동 검수 필요",,
REVIEW,GL-경부선-SRT-S078,GL-경전선-SRT-S078,,"잠정 병합(역명 일치 ""천안아산"", 지역 KTX) — 좌표 정보가 한쪽 또는 양쪽에 없고 공식 환승 관계도 확인되지 않음 — 수동 검수 필요",,
REVIEW,GL-호남선-KTX-S078,GL-호남선-SRT-S078,,"잠정 병합(역명 일치 ""천안아산"", 지역 KTX) — 좌표 정보가 한쪽 또는 양쪽에 없고 공식 환승 관계도 확인되지 않음 — 수동 검수 필요",,
REVIEW,GL-호남선-KTX-S078,GL-전라선-KTX-S078,,"잠정 병합(역명 일치 ""천안아산"", 지역 KTX) — 좌표 정보가 한쪽 또는 양쪽에 없고 공식 환승 관계도 확인되지 않음 — 수동 검수 필요",,
REVIEW,GL-호남선-KTX-S078,GL-전라선-SRT-S078,,"잠정 병합(역명 일치 ""천안아산"", 지역 KTX) — 좌표 정보가 한쪽 또는 양쪽에 없고 공식 환승 관계도 확인되지 않음 — 수동 검수 필요",,
REVIEW,GL-호남선-KTX-S078,GL-동해선-KTX-S078,,"잠정 병합(역명 일치 ""천안아산"", 지역 KTX) — 좌표 정보가 한쪽 또는 양쪽에 없고 공식 환승 관계도 확인되지 않음 — 수동 검수 필요",,
REVIEW,GL-호남선-KTX-S078,GL-동해선-SRT-S078,,"잠정 병합(역명 일치 ""천안아산"", 지역 KTX) — 좌표 정보가 한쪽 또는 양쪽에 없고 공식 환승 관계도 확인되지 않음 — 수동 검수 필요",,
REVIEW,GL-호남선-KTX-S078,GL-경전선-KTX-S078,,"잠정 병합(역명 일치 ""천안아산"", 지역 KTX) — 좌표 정보가 한쪽 또는 양쪽에 없고 공식 환승 관계도 확인되지 않음 — 수동 검수 필요",,
REVIEW,GL-호남선-KTX-S078,GL-경전선-SRT-S078,,"잠정 병합(역명 일치 ""천안아산"", 지역 KTX) — 좌표 정보가 한쪽 또는 양쪽에 없고 공식 환승 관계도 확인되지 않음 — 수동 검수 필요",,
REVIEW,GL-호남선-SRT-S078,GL-전라선-KTX-S078,,"잠정 병합(역명 일치 ""천안아산"", 지역 KTX) — 좌표 정보가 한쪽 또는 양쪽에 없고 공식 환승 관계도 확인되지 않음 — 수동 검수 필요",,
REVIEW,GL-호남선-SRT-S078,GL-전라선-SRT-S078,,"잠정 병합(역명 일치 ""천안아산"", 지역 KTX) — 좌표 정보가 한쪽 또는 양쪽에 없고 공식 환승 관계도 확인되지 않음 — 수동 검수 필요",,
REVIEW,GL-호남선-SRT-S078,GL-동해선-KTX-S078,,"잠정 병합(역명 일치 ""천안아산"", 지역 KTX) — 좌표 정보가 한쪽 또는 양쪽에 없고 공식 환승 관계도 확인되지 않음 — 수동 검수 필요",,
REVIEW,GL-호남선-SRT-S078,GL-동해선-SRT-S078,,"잠정 병합(역명 일치 ""천안아산"", 지역 KTX) — 좌표 정보가 한쪽 또는 양쪽에 없고 공식 환승 관계도 확인되지 않음 — 수동 검수 필요",,
REVIEW,GL-호남선-SRT-S078,GL-경전선-KTX-S078,,"잠정 병합(역명 일치 ""천안아산"", 지역 KTX) — 좌표 정보가 한쪽 또는 양쪽에 없고 공식 환승 관계도 확인되지 않음 — 수동 검수 필요",,
REVIEW,GL-호남선-SRT-S078,GL-경전선-SRT-S078,,"잠정 병합(역명 일치 ""천안아산"", 지역 KTX) — 좌표 정보가 한쪽 또는 양쪽에 없고 공식 환승 관계도 확인되지 않음 — 수동 검수 필요",,
REVIEW,GL-전라선-KTX-S078,GL-전라선-SRT-S078,,"잠정 병합(역명 일치 ""천안아산"", 지역 KTX) — 좌표 정보가 한쪽 또는 양쪽에 없고 공식 환승 관계도 확인되지 않음 — 수동 검수 필요",,
REVIEW,GL-전라선-KTX-S078,GL-동해선-KTX-S078,,"잠정 병합(역명 일치 ""천안아산"", 지역 KTX) — 좌표 정보가 한쪽 또는 양쪽에 없고 공식 환승 관계도 확인되지 않음 — 수동 검수 필요",,
REVIEW,GL-전라선-KTX-S078,GL-동해선-SRT-S078,,"잠정 병합(역명 일치 ""천안아산"", 지역 KTX) — 좌표 정보가 한쪽 또는 양쪽에 없고 공식 환승 관계도 확인되지 않음 — 수동 검수 필요",,
REVIEW,GL-전라선-KTX-S078,GL-경전선-KTX-S078,,"잠정 병합(역명 일치 ""천안아산"", 지역 KTX) — 좌표 정보가 한쪽 또는 양쪽에 없고 공식 환승 관계도 확인되지 않음 — 수동 검수 필요",,
REVIEW,GL-전라선-KTX-S078,GL-경전선-SRT-S078,,"잠정 병합(역명 일치 ""천안아산"", 지역 KTX) — 좌표 정보가 한쪽 또는 양쪽에 없고 공식 환승 관계도 확인되지 않음 — 수동 검수 필요",,
REVIEW,GL-전라선-SRT-S078,GL-동해선-KTX-S078,,"잠정 병합(역명 일치 ""천안아산"", 지역 KTX) — 좌표 정보가 한쪽 또는 양쪽에 없고 공식 환승 관계도 확인되지 않음 — 수동 검수 필요",,
REVIEW,GL-전라선-SRT-S078,GL-동해선-SRT-S078,,"잠정 병합(역명 일치 ""천안아산"", 지역 KTX) — 좌표 정보가 한쪽 또는 양쪽에 없고 공식 환승 관계도 확인되지 않음 — 수동 검수 필요",,
REVIEW,GL-전라선-SRT-S078,GL-경전선-KTX-S078,,"잠정 병합(역명 일치 ""천안아산"", 지역 KTX) — 좌표 정보가 한쪽 또는 양쪽에 없고 공식 환승 관계도 확인되지 않음 — 수동 검수 필요",,
REVIEW,GL-전라선-SRT-S078,GL-경전선-SRT-S078,,"잠정 병합(역명 일치 ""천안아산"", 지역 KTX) — 좌표 정보가 한쪽 또는 양쪽에 없고 공식 환승 관계도 확인되지 않음 — 수동 검수 필요",,
REVIEW,GL-동해선-KTX-S078,GL-동해선-SRT-S078,,"잠정 병합(역명 일치 ""천안아산"", 지역 KTX) — 좌표 정보가 한쪽 또는 양쪽에 없고 공식 환승 관계도 확인되지 않음 — 수동 검수 필요",,
REVIEW,GL-동해선-KTX-S078,GL-경전선-KTX-S078,,"잠정 병합(역명 일치 ""천안아산"", 지역 KTX) — 좌표 정보가 한쪽 또는 양쪽에 없고 공식 환승 관계도 확인되지 않음 — 수동 검수 필요",,
REVIEW,GL-동해선-KTX-S078,GL-경전선-SRT-S078,,"잠정 병합(역명 일치 ""천안아산"", 지역 KTX) — 좌표 정보가 한쪽 또는 양쪽에 없고 공식 환승 관계도 확인되지 않음 — 수동 검수 필요",,
REVIEW,GL-동해선-SRT-S078,GL-경전선-KTX-S078,,"잠정 병합(역명 일치 ""천안아산"", 지역 KTX) — 좌표 정보가 한쪽 또는 양쪽에 없고 공식 환승 관계도 확인되지 않음 — 수동 검수 필요",,
REVIEW,GL-동해선-SRT-S078,GL-경전선-SRT-S078,,"잠정 병합(역명 일치 ""천안아산"", 지역 KTX) — 좌표 정보가 한쪽 또는 양쪽에 없고 공식 환승 관계도 확인되지 않음 — 수동 검수 필요",,
REVIEW,GL-경전선-KTX-S078,GL-경전선-SRT-S078,,"잠정 병합(역명 일치 ""천안아산"", 지역 KTX) — 좌표 정보가 한쪽 또는 양쪽에 없고 공식 환승 관계도 확인되지 않음 — 수동 검수 필요",,
REVIEW,GL-경부선-KTX-S061,GL-경부선-SRT-S061,,"잠정 병합(역명 일치 ""오송"", 지역 KTX) — 좌표 정보가 한쪽 또는 양쪽에 없고 공식 환승 관계도 확인되지 않음 — 수동 검수 필요",,
REVIEW,GL-경부선-KTX-S061,GL-호남선-KTX-S061,,"잠정 병합(역명 일치 ""오송"", 지역 KTX) — 좌표 정보가 한쪽 또는 양쪽에 없고 공식 환승 관계도 확인되지 않음 — 수동 검수 필요",,
REVIEW,GL-경부선-KTX-S061,GL-호남선-SRT-S061,,"잠정 병합(역명 일치 ""오송"", 지역 KTX) — 좌표 정보가 한쪽 또는 양쪽에 없고 공식 환승 관계도 확인되지 않음 — 수동 검수 필요",,
REVIEW,GL-경부선-KTX-S061,GL-전라선-KTX-S061,,"잠정 병합(역명 일치 ""오송"", 지역 KTX) — 좌표 정보가 한쪽 또는 양쪽에 없고 공식 환승 관계도 확인되지 않음 — 수동 검수 필요",,
REVIEW,GL-경부선-KTX-S061,GL-전라선-SRT-S061,,"잠정 병합(역명 일치 ""오송"", 지역 KTX) — 좌표 정보가 한쪽 또는 양쪽에 없고 공식 환승 관계도 확인되지 않음 — 수동 검수 필요",,
REVIEW,GL-경부선-KTX-S061,GL-동해선-KTX-S061,,"잠정 병합(역명 일치 ""오송"", 지역 KTX) — 좌표 정보가 한쪽 또는 양쪽에 없고 공식 환승 관계도 확인되지 않음 — 수동 검수 필요",,
REVIEW,GL-경부선-KTX-S061,GL-동해선-SRT-S061,,"잠정 병합(역명 일치 ""오송"", 지역 KTX) — 좌표 정보가 한쪽 또는 양쪽에 없고 공식 환승 관계도 확인되지 않음 — 수동 검수 필요",,
REVIEW,GL-경부선-KTX-S061,GL-경전선-KTX-S061,,"잠정 병합(역명 일치 ""오송"", 지역 KTX) — 좌표 정보가 한쪽 또는 양쪽에 없고 공식 환승 관계도 확인되지 않음 — 수동 검수 필요",,
REVIEW,GL-경부선-KTX-S061,GL-경전선-SRT-S061,,"잠정 병합(역명 일치 ""오송"", 지역 KTX) — 좌표 정보가 한쪽 또는 양쪽에 없고 공식 환승 관계도 확인되지 않음 — 수동 검수 필요",,
REVIEW,GL-경부선-SRT-S061,GL-호남선-KTX-S061,,"잠정 병합(역명 일치 ""오송"", 지역 KTX) — 좌표 정보가 한쪽 또는 양쪽에 없고 공식 환승 관계도 확인되지 않음 — 수동 검수 필요",,
REVIEW,GL-경부선-SRT-S061,GL-호남선-SRT-S061,,"잠정 병합(역명 일치 ""오송"", 지역 KTX) — 좌표 정보가 한쪽 또는 양쪽에 없고 공식 환승 관계도 확인되지 않음 — 수동 검수 필요",,
REVIEW,GL-경부선-SRT-S061,GL-전라선-KTX-S061,,"잠정 병합(역명 일치 ""오송"", 지역 KTX) — 좌표 정보가 한쪽 또는 양쪽에 없고 공식 환승 관계도 확인되지 않음 — 수동 검수 필요",,
REVIEW,GL-경부선-SRT-S061,GL-전라선-SRT-S061,,"잠정 병합(역명 일치 ""오송"", 지역 KTX) — 좌표 정보가 한쪽 또는 양쪽에 없고 공식 환승 관계도 확인되지 않음 — 수동 검수 필요",,
REVIEW,GL-경부선-SRT-S061,GL-동해선-KTX-S061,,"잠정 병합(역명 일치 ""오송"", 지역 KTX) — 좌표 정보가 한쪽 또는 양쪽에 없고 공식 환승 관계도 확인되지 않음 — 수동 검수 필요",,
REVIEW,GL-경부선-SRT-S061,GL-동해선-SRT-S061,,"잠정 병합(역명 일치 ""오송"", 지역 KTX) — 좌표 정보가 한쪽 또는 양쪽에 없고 공식 환승 관계도 확인되지 않음 — 수동 검수 필요",,
REVIEW,GL-경부선-SRT-S061,GL-경전선-KTX-S061,,"잠정 병합(역명 일치 ""오송"", 지역 KTX) — 좌표 정보가 한쪽 또는 양쪽에 없고 공식 환승 관계도 확인되지 않음 — 수동 검수 필요",,
REVIEW,GL-경부선-SRT-S061,GL-경전선-SRT-S061,,"잠정 병합(역명 일치 ""오송"", 지역 KTX) — 좌표 정보가 한쪽 또는 양쪽에 없고 공식 환승 관계도 확인되지 않음 — 수동 검수 필요",,
REVIEW,GL-호남선-KTX-S061,GL-호남선-SRT-S061,,"잠정 병합(역명 일치 ""오송"", 지역 KTX) — 좌표 정보가 한쪽 또는 양쪽에 없고 공식 환승 관계도 확인되지 않음 — 수동 검수 필요",,
REVIEW,GL-호남선-KTX-S061,GL-전라선-KTX-S061,,"잠정 병합(역명 일치 ""오송"", 지역 KTX) — 좌표 정보가 한쪽 또는 양쪽에 없고 공식 환승 관계도 확인되지 않음 — 수동 검수 필요",,
REVIEW,GL-호남선-KTX-S061,GL-전라선-SRT-S061,,"잠정 병합(역명 일치 ""오송"", 지역 KTX) — 좌표 정보가 한쪽 또는 양쪽에 없고 공식 환승 관계도 확인되지 않음 — 수동 검수 필요",,
REVIEW,GL-호남선-KTX-S061,GL-동해선-KTX-S061,,"잠정 병합(역명 일치 ""오송"", 지역 KTX) — 좌표 정보가 한쪽 또는 양쪽에 없고 공식 환승 관계도 확인되지 않음 — 수동 검수 필요",,
REVIEW,GL-호남선-KTX-S061,GL-동해선-SRT-S061,,"잠정 병합(역명 일치 ""오송"", 지역 KTX) — 좌표 정보가 한쪽 또는 양쪽에 없고 공식 환승 관계도 확인되지 않음 — 수동 검수 필요",,
REVIEW,GL-호남선-KTX-S061,GL-경전선-KTX-S061,,"잠정 병합(역명 일치 ""오송"", 지역 KTX) — 좌표 정보가 한쪽 또는 양쪽에 없고 공식 환승 관계도 확인되지 않음 — 수동 검수 필요",,
REVIEW,GL-호남선-KTX-S061,GL-경전선-SRT-S061,,"잠정 병합(역명 일치 ""오송"", 지역 KTX) — 좌표 정보가 한쪽 또는 양쪽에 없고 공식 환승 관계도 확인되지 않음 — 수동 검수 필요",,
REVIEW,GL-호남선-SRT-S061,GL-전라선-KTX-S061,,"잠정 병합(역명 일치 ""오송"", 지역 KTX) — 좌표 정보가 한쪽 또는 양쪽에 없고 공식 환승 관계도 확인되지 않음 — 수동 검수 필요",,
REVIEW,GL-호남선-SRT-S061,GL-전라선-SRT-S061,,"잠정 병합(역명 일치 ""오송"", 지역 KTX) — 좌표 정보가 한쪽 또는 양쪽에 없고 공식 환승 관계도 확인되지 않음 — 수동 검수 필요",,
REVIEW,GL-호남선-SRT-S061,GL-동해선-KTX-S061,,"잠정 병합(역명 일치 ""오송"", 지역 KTX) — 좌표 정보가 한쪽 또는 양쪽에 없고 공식 환승 관계도 확인되지 않음 — 수동 검수 필요",,
REVIEW,GL-호남선-SRT-S061,GL-동해선-SRT-S061,,"잠정 병합(역명 일치 ""오송"", 지역 KTX) — 좌표 정보가 한쪽 또는 양쪽에 없고 공식 환승 관계도 확인되지 않음 — 수동 검수 필요",,
REVIEW,GL-호남선-SRT-S061,GL-경전선-KTX-S061,,"잠정 병합(역명 일치 ""오송"", 지역 KTX) — 좌표 정보가 한쪽 또는 양쪽에 없고 공식 환승 관계도 확인되지 않음 — 수동 검수 필요",,
REVIEW,GL-호남선-SRT-S061,GL-경전선-SRT-S061,,"잠정 병합(역명 일치 ""오송"", 지역 KTX) — 좌표 정보가 한쪽 또는 양쪽에 없고 공식 환승 관계도 확인되지 않음 — 수동 검수 필요",,
REVIEW,GL-전라선-KTX-S061,GL-전라선-SRT-S061,,"잠정 병합(역명 일치 ""오송"", 지역 KTX) — 좌표 정보가 한쪽 또는 양쪽에 없고 공식 환승 관계도 확인되지 않음 — 수동 검수 필요",,
REVIEW,GL-전라선-KTX-S061,GL-동해선-KTX-S061,,"잠정 병합(역명 일치 ""오송"", 지역 KTX) — 좌표 정보가 한쪽 또는 양쪽에 없고 공식 환승 관계도 확인되지 않음 — 수동 검수 필요",,
REVIEW,GL-전라선-KTX-S061,GL-동해선-SRT-S061,,"잠정 병합(역명 일치 ""오송"", 지역 KTX) — 좌표 정보가 한쪽 또는 양쪽에 없고 공식 환승 관계도 확인되지 않음 — 수동 검수 필요",,
REVIEW,GL-전라선-KTX-S061,GL-경전선-KTX-S061,,"잠정 병합(역명 일치 ""오송"", 지역 KTX) — 좌표 정보가 한쪽 또는 양쪽에 없고 공식 환승 관계도 확인되지 않음 — 수동 검수 필요",,
REVIEW,GL-전라선-KTX-S061,GL-경전선-SRT-S061,,"잠정 병합(역명 일치 ""오송"", 지역 KTX) — 좌표 정보가 한쪽 또는 양쪽에 없고 공식 환승 관계도 확인되지 않음 — 수동 검수 필요",,
REVIEW,GL-전라선-SRT-S061,GL-동해선-KTX-S061,,"잠정 병합(역명 일치 ""오송"", 지역 KTX) — 좌표 정보가 한쪽 또는 양쪽에 없고 공식 환승 관계도 확인되지 않음 — 수동 검수 필요",,
REVIEW,GL-전라선-SRT-S061,GL-동해선-SRT-S061,,"잠정 병합(역명 일치 ""오송"", 지역 KTX) — 좌표 정보가 한쪽 또는 양쪽에 없고 공식 환승 관계도 확인되지 않음 — 수동 검수 필요",,
REVIEW,GL-전라선-SRT-S061,GL-경전선-KTX-S061,,"잠정 병합(역명 일치 ""오송"", 지역 KTX) — 좌표 정보가 한쪽 또는 양쪽에 없고 공식 환승 관계도 확인되지 않음 — 수동 검수 필요",,
REVIEW,GL-전라선-SRT-S061,GL-경전선-SRT-S061,,"잠정 병합(역명 일치 ""오송"", 지역 KTX) — 좌표 정보가 한쪽 또는 양쪽에 없고 공식 환승 관계도 확인되지 않음 — 수동 검수 필요",,
REVIEW,GL-동해선-KTX-S061,GL-동해선-SRT-S061,,"잠정 병합(역명 일치 ""오송"", 지역 KTX) — 좌표 정보가 한쪽 또는 양쪽에 없고 공식 환승 관계도 확인되지 않음 — 수동 검수 필요",,
REVIEW,GL-동해선-KTX-S061,GL-경전선-KTX-S061,,"잠정 병합(역명 일치 ""오송"", 지역 KTX) — 좌표 정보가 한쪽 또는 양쪽에 없고 공식 환승 관계도 확인되지 않음 — 수동 검수 필요",,
REVIEW,GL-동해선-KTX-S061,GL-경전선-SRT-S061,,"잠정 병합(역명 일치 ""오송"", 지역 KTX) — 좌표 정보가 한쪽 또는 양쪽에 없고 공식 환승 관계도 확인되지 않음 — 수동 검수 필요",,
REVIEW,GL-동해선-SRT-S061,GL-경전선-KTX-S061,,"잠정 병합(역명 일치 ""오송"", 지역 KTX) — 좌표 정보가 한쪽 또는 양쪽에 없고 공식 환승 관계도 확인되지 않음 — 수동 검수 필요",,
REVIEW,GL-동해선-SRT-S061,GL-경전선-SRT-S061,,"잠정 병합(역명 일치 ""오송"", 지역 KTX) — 좌표 정보가 한쪽 또는 양쪽에 없고 공식 환승 관계도 확인되지 않음 — 수동 검수 필요",,
REVIEW,GL-경전선-KTX-S061,GL-경전선-SRT-S061,,"잠정 병합(역명 일치 ""오송"", 지역 KTX) — 좌표 정보가 한쪽 또는 양쪽에 없고 공식 환승 관계도 확인되지 않음 — 수동 검수 필요",,
REVIEW,MG-MG01-S122,MG-MG20-S122,,"잠정 병합(역명 일치 ""오송"", 지역 MUGUNGHWA) — 좌표 정보가 한쪽 또는 양쪽에 없고 공식 환승 관계도 확인되지 않음 — 수동 검수 필요",,
REVIEW,GL-경부선-KTX-S015,GL-경부선-SRT-S015,,"잠정 병합(역명 일치 ""김천"", 지역 KTX) — 좌표 정보가 한쪽 또는 양쪽에 없고 공식 환승 관계도 확인되지 않음 — 수동 검수 필요",,
REVIEW,GL-경부선-KTX-S015,GL-동해선-KTX-S015,,"잠정 병합(역명 일치 ""김천"", 지역 KTX) — 좌표 정보가 한쪽 또는 양쪽에 없고 공식 환승 관계도 확인되지 않음 — 수동 검수 필요",,
REVIEW,GL-경부선-KTX-S015,GL-동해선-SRT-S015,,"잠정 병합(역명 일치 ""김천"", 지역 KTX) — 좌표 정보가 한쪽 또는 양쪽에 없고 공식 환승 관계도 확인되지 않음 — 수동 검수 필요",,
REVIEW,GL-경부선-KTX-S015,GL-경전선-KTX-S015,,"잠정 병합(역명 일치 ""김천"", 지역 KTX) — 좌표 정보가 한쪽 또는 양쪽에 없고 공식 환승 관계도 확인되지 않음 — 수동 검수 필요",,
REVIEW,GL-경부선-KTX-S015,GL-경전선-SRT-S015,,"잠정 병합(역명 일치 ""김천"", 지역 KTX) — 좌표 정보가 한쪽 또는 양쪽에 없고 공식 환승 관계도 확인되지 않음 — 수동 검수 필요",,
REVIEW,GL-경부선-SRT-S015,GL-동해선-KTX-S015,,"잠정 병합(역명 일치 ""김천"", 지역 KTX) — 좌표 정보가 한쪽 또는 양쪽에 없고 공식 환승 관계도 확인되지 않음 — 수동 검수 필요",,
REVIEW,GL-경부선-SRT-S015,GL-동해선-SRT-S015,,"잠정 병합(역명 일치 ""김천"", 지역 KTX) — 좌표 정보가 한쪽 또는 양쪽에 없고 공식 환승 관계도 확인되지 않음 — 수동 검수 필요",,
REVIEW,GL-경부선-SRT-S015,GL-경전선-KTX-S015,,"잠정 병합(역명 일치 ""김천"", 지역 KTX) — 좌표 정보가 한쪽 또는 양쪽에 없고 공식 환승 관계도 확인되지 않음 — 수동 검수 필요",,
REVIEW,GL-경부선-SRT-S015,GL-경전선-SRT-S015,,"잠정 병합(역명 일치 ""김천"", 지역 KTX) — 좌표 정보가 한쪽 또는 양쪽에 없고 공식 환승 관계도 확인되지 않음 — 수동 검수 필요",,
REVIEW,GL-동해선-KTX-S015,GL-동해선-SRT-S015,,"잠정 병합(역명 일치 ""김천"", 지역 KTX) — 좌표 정보가 한쪽 또는 양쪽에 없고 공식 환승 관계도 확인되지 않음 — 수동 검수 필요",,
REVIEW,GL-동해선-KTX-S015,GL-경전선-KTX-S015,,"잠정 병합(역명 일치 ""김천"", 지역 KTX) — 좌표 정보가 한쪽 또는 양쪽에 없고 공식 환승 관계도 확인되지 않음 — 수동 검수 필요",,
REVIEW,GL-동해선-KTX-S015,GL-경전선-SRT-S015,,"잠정 병합(역명 일치 ""김천"", 지역 KTX) — 좌표 정보가 한쪽 또는 양쪽에 없고 공식 환승 관계도 확인되지 않음 — 수동 검수 필요",,
REVIEW,GL-동해선-SRT-S015,GL-경전선-KTX-S015,,"잠정 병합(역명 일치 ""김천"", 지역 KTX) — 좌표 정보가 한쪽 또는 양쪽에 없고 공식 환승 관계도 확인되지 않음 — 수동 검수 필요",,
REVIEW,GL-동해선-SRT-S015,GL-경전선-SRT-S015,,"잠정 병합(역명 일치 ""김천"", 지역 KTX) — 좌표 정보가 한쪽 또는 양쪽에 없고 공식 환승 관계도 확인되지 않음 — 수동 검수 필요",,
REVIEW,GL-경전선-KTX-S015,GL-경전선-SRT-S015,,"잠정 병합(역명 일치 ""김천"", 지역 KTX) — 좌표 정보가 한쪽 또는 양쪽에 없고 공식 환승 관계도 확인되지 않음 — 수동 검수 필요",,
REVIEW,MG-MG01-S023,MG-MG03-S023,,"잠정 병합(역명 일치 ""김천"", 지역 MUGUNGHWA) — 좌표 정보가 한쪽 또는 양쪽에 없고 공식 환승 관계도 확인되지 않음 — 수동 검수 필요",,
REVIEW,MG-MG01-S023,MG-MG18-S023,,"잠정 병합(역명 일치 ""김천"", 지역 MUGUNGHWA) — 좌표 정보가 한쪽 또는 양쪽에 없고 공식 환승 관계도 확인되지 않음 — 수동 검수 필요",,
REVIEW,MG-MG01-S023,ITX-IS01-S023,,"잠정 병합(역명 일치 ""김천"", 지역 MUGUNGHWA) — 좌표 정보가 한쪽 또는 양쪽에 없고 공식 환승 관계도 확인되지 않음 — 수동 검수 필요",,
REVIEW,MG-MG01-S023,ITX-IS02-S023,,"잠정 병합(역명 일치 ""김천"", 지역 MUGUNGHWA) — 좌표 정보가 한쪽 또는 양쪽에 없고 공식 환승 관계도 확인되지 않음 — 수동 검수 필요",,
REVIEW,MG-MG03-S023,MG-MG18-S023,,"잠정 병합(역명 일치 ""김천"", 지역 MUGUNGHWA) — 좌표 정보가 한쪽 또는 양쪽에 없고 공식 환승 관계도 확인되지 않음 — 수동 검수 필요",,
REVIEW,MG-MG03-S023,ITX-IS01-S023,,"잠정 병합(역명 일치 ""김천"", 지역 MUGUNGHWA) — 좌표 정보가 한쪽 또는 양쪽에 없고 공식 환승 관계도 확인되지 않음 — 수동 검수 필요",,
REVIEW,MG-MG03-S023,ITX-IS02-S023,,"잠정 병합(역명 일치 ""김천"", 지역 MUGUNGHWA) — 좌표 정보가 한쪽 또는 양쪽에 없고 공식 환승 관계도 확인되지 않음 — 수동 검수 필요",,
REVIEW,MG-MG18-S023,ITX-IS01-S023,,"잠정 병합(역명 일치 ""김천"", 지역 MUGUNGHWA) — 좌표 정보가 한쪽 또는 양쪽에 없고 공식 환승 관계도 확인되지 않음 — 수동 검수 필요",,
REVIEW,MG-MG18-S023,ITX-IS02-S023,,"잠정 병합(역명 일치 ""김천"", 지역 MUGUNGHWA) — 좌표 정보가 한쪽 또는 양쪽에 없고 공식 환승 관계도 확인되지 않음 — 수동 검수 필요",,
REVIEW,ITX-IS01-S023,ITX-IS02-S023,,"잠정 병합(역명 일치 ""김천"", 지역 MUGUNGHWA) — 좌표 정보가 한쪽 또는 양쪽에 없고 공식 환승 관계도 확인되지 않음 — 수동 검수 필요",,
REVIEW,GL-경부선-KTX-S005,GL-경부선-SRT-S005,,"잠정 병합(역명 일치 ""경주"", 지역 KTX) — 좌표 정보가 한쪽 또는 양쪽에 없고 공식 환승 관계도 확인되지 않음 — 수동 검수 필요",,
REVIEW,GL-경부선-KTX-S005,GL-중앙선-KTX-S005,,"잠정 병합(역명 일치 ""경주"", 지역 KTX) — 좌표 정보가 한쪽 또는 양쪽에 없고 공식 환승 관계도 확인되지 않음 — 수동 검수 필요",,
REVIEW,GL-경부선-KTX-S005,GL-동해선 전구간-KTX-S005,,"잠정 병합(역명 일치 ""경주"", 지역 KTX) — 좌표 정보가 한쪽 또는 양쪽에 없고 공식 환승 관계도 확인되지 않음 — 수동 검수 필요",,
REVIEW,GL-경부선-SRT-S005,GL-중앙선-KTX-S005,,"잠정 병합(역명 일치 ""경주"", 지역 KTX) — 좌표 정보가 한쪽 또는 양쪽에 없고 공식 환승 관계도 확인되지 않음 — 수동 검수 필요",,
REVIEW,GL-경부선-SRT-S005,GL-동해선 전구간-KTX-S005,,"잠정 병합(역명 일치 ""경주"", 지역 KTX) — 좌표 정보가 한쪽 또는 양쪽에 없고 공식 환승 관계도 확인되지 않음 — 수동 검수 필요",,
REVIEW,GL-중앙선-KTX-S005,GL-동해선 전구간-KTX-S005,,"잠정 병합(역명 일치 ""경주"", 지역 KTX) — 좌표 정보가 한쪽 또는 양쪽에 없고 공식 환승 관계도 확인되지 않음 — 수동 검수 필요",,
REVIEW,MG-MG12-S006,MG-MG14-S006,,"잠정 병합(역명 일치 ""경주"", 지역 MUGUNGHWA) — 좌표 정보가 한쪽 또는 양쪽에 없고 공식 환승 관계도 확인되지 않음 — 수동 검수 필요",,
REVIEW,GL-경부선-KTX-S063,GL-경부선-SRT-S063,,"잠정 병합(역명 일치 ""울산"", 지역 KTX) — 좌표 정보가 한쪽 또는 양쪽에 없고 공식 환승 관계도 확인되지 않음 — 수동 검수 필요",,
REVIEW,GL-경부선-KTX-S033,GL-경부선-SRT-S033,,"잠정 병합(역명 일치 ""밀양"", 지역 KTX) — 좌표 정보가 한쪽 또는 양쪽에 없고 공식 환승 관계도 확인되지 않음 — 수동 검수 필요",,
REVIEW,GL-경부선-KTX-S033,GL-경전선-KTX-S033,,"잠정 병합(역명 일치 ""밀양"", 지역 KTX) — 좌표 정보가 한쪽 또는 양쪽에 없고 공식 환승 관계도 확인되지 않음 — 수동 검수 필요",,
REVIEW,GL-경부선-KTX-S033,GL-경전선-SRT-S033,,"잠정 병합(역명 일치 ""밀양"", 지역 KTX) — 좌표 정보가 한쪽 또는 양쪽에 없고 공식 환승 관계도 확인되지 않음 — 수동 검수 필요",,
REVIEW,GL-경부선-SRT-S033,GL-경전선-KTX-S033,,"잠정 병합(역명 일치 ""밀양"", 지역 KTX) — 좌표 정보가 한쪽 또는 양쪽에 없고 공식 환승 관계도 확인되지 않음 — 수동 검수 필요",,
REVIEW,GL-경부선-SRT-S033,GL-경전선-SRT-S033,,"잠정 병합(역명 일치 ""밀양"", 지역 KTX) — 좌표 정보가 한쪽 또는 양쪽에 없고 공식 환승 관계도 확인되지 않음 — 수동 검수 필요",,
REVIEW,GL-경전선-KTX-S033,GL-경전선-SRT-S033,,"잠정 병합(역명 일치 ""밀양"", 지역 KTX) — 좌표 정보가 한쪽 또는 양쪽에 없고 공식 환승 관계도 확인되지 않음 — 수동 검수 필요",,
REVIEW,MG-MG03-S052,MG-MG15-S052,,"잠정 병합(역명 일치 ""밀양"", 지역 MUGUNGHWA) — 좌표 정보가 한쪽 또는 양쪽에 없고 공식 환승 관계도 확인되지 않음 — 수동 검수 필요",,
REVIEW,MG-MG03-S052,ITX-IS01-S052,,"잠정 병합(역명 일치 ""밀양"", 지역 MUGUNGHWA) — 좌표 정보가 한쪽 또는 양쪽에 없고 공식 환승 관계도 확인되지 않음 — 수동 검수 필요",,
REVIEW,MG-MG03-S052,ITX-IS02-S052,,"잠정 병합(역명 일치 ""밀양"", 지역 MUGUNGHWA) — 좌표 정보가 한쪽 또는 양쪽에 없고 공식 환승 관계도 확인되지 않음 — 수동 검수 필요",,
REVIEW,MG-MG15-S052,ITX-IS01-S052,,"잠정 병합(역명 일치 ""밀양"", 지역 MUGUNGHWA) — 좌표 정보가 한쪽 또는 양쪽에 없고 공식 환승 관계도 확인되지 않음 — 수동 검수 필요",,
REVIEW,MG-MG15-S052,ITX-IS02-S052,,"잠정 병합(역명 일치 ""밀양"", 지역 MUGUNGHWA) — 좌표 정보가 한쪽 또는 양쪽에 없고 공식 환승 관계도 확인되지 않음 — 수동 검수 필요",,
REVIEW,ITX-IS01-S052,ITX-IS02-S052,,"잠정 병합(역명 일치 ""밀양"", 지역 MUGUNGHWA) — 좌표 정보가 한쪽 또는 양쪽에 없고 공식 환승 관계도 확인되지 않음 — 수동 검수 필요",,
REVIEW,GL-경부선-KTX-S032,GL-경부선-SRT-S032,,"잠정 병합(역명 일치 ""물금"", 지역 KTX) — 좌표 정보가 한쪽 또는 양쪽에 없고 공식 환승 관계도 확인되지 않음 — 수동 검수 필요",,
REVIEW,MG-MG03-S050,MG-MG16-S050,,"잠정 병합(역명 일치 ""물금"", 지역 MUGUNGHWA) — 좌표 정보가 한쪽 또는 양쪽에 없고 공식 환승 관계도 확인되지 않음 — 수동 검수 필요",,
REVIEW,MG-MG03-S050,ITX-IS01-S050,,"잠정 병합(역명 일치 ""물금"", 지역 MUGUNGHWA) — 좌표 정보가 한쪽 또는 양쪽에 없고 공식 환승 관계도 확인되지 않음 — 수동 검수 필요",,
REVIEW,MG-MG16-S050,ITX-IS01-S050,,"잠정 병합(역명 일치 ""물금"", 지역 MUGUNGHWA) — 좌표 정보가 한쪽 또는 양쪽에 없고 공식 환승 관계도 확인되지 않음 — 수동 검수 필요",,
REVIEW,GL-호남선-KTX-S008,GL-호남선-SRT-S008,,"잠정 병합(역명 일치 ""공주"", 지역 KTX) — 좌표 정보가 한쪽 또는 양쪽에 없고 공식 환승 관계도 확인되지 않음 — 수동 검수 필요",,
REVIEW,GL-호남선-KTX-S008,GL-전라선-KTX-S008,,"잠정 병합(역명 일치 ""공주"", 지역 KTX) — 좌표 정보가 한쪽 또는 양쪽에 없고 공식 환승 관계도 확인되지 않음 — 수동 검수 필요",,
REVIEW,GL-호남선-KTX-S008,GL-전라선-SRT-S008,,"잠정 병합(역명 일치 ""공주"", 지역 KTX) — 좌표 정보가 한쪽 또는 양쪽에 없고 공식 환승 관계도 확인되지 않음 — 수동 검수 필요",,
REVIEW,GL-호남선-SRT-S008,GL-전라선-KTX-S008,,"잠정 병합(역명 일치 ""공주"", 지역 KTX) — 좌표 정보가 한쪽 또는 양쪽에 없고 공식 환승 관계도 확인되지 않음 — 수동 검수 필요",,
REVIEW,GL-호남선-SRT-S008,GL-전라선-SRT-S008,,"잠정 병합(역명 일치 ""공주"", 지역 KTX) — 좌표 정보가 한쪽 또는 양쪽에 없고 공식 환승 관계도 확인되지 않음 — 수동 검수 필요",,
REVIEW,GL-전라선-KTX-S008,GL-전라선-SRT-S008,,"잠정 병합(역명 일치 ""공주"", 지역 KTX) — 좌표 정보가 한쪽 또는 양쪽에 없고 공식 환승 관계도 확인되지 않음 — 수동 검수 필요",,
REVIEW,GL-호남선-KTX-S042,GL-호남선-SRT-S042,,"잠정 병합(역명 일치 ""서대전"", 지역 KTX) — 좌표 정보가 한쪽 또는 양쪽에 없고 공식 환승 관계도 확인되지 않음 — 수동 검수 필요",,
REVIEW,GL-호남선-KTX-S042,GL-전라선-KTX-S042,,"잠정 병합(역명 일치 ""서대전"", 지역 KTX) — 좌표 정보가 한쪽 또는 양쪽에 없고 공식 환승 관계도 확인되지 않음 — 수동 검수 필요",,
REVIEW,GL-호남선-SRT-S042,GL-전라선-KTX-S042,,"잠정 병합(역명 일치 ""서대전"", 지역 KTX) — 좌표 정보가 한쪽 또는 양쪽에 없고 공식 환승 관계도 확인되지 않음 — 수동 검수 필요",,
REVIEW,MG-MG05-S076,MG-MG06-S076,,"잠정 병합(역명 일치 ""서대전"", 지역 MUGUNGHWA) — 좌표 정보가 한쪽 또는 양쪽에 없고 공식 환승 관계도 확인되지 않음 — 수동 검수 필요",,
REVIEW,MG-MG05-S076,MG-MG07-S076,,"잠정 병합(역명 일치 ""서대전"", 지역 MUGUNGHWA) — 좌표 정보가 한쪽 또는 양쪽에 없고 공식 환승 관계도 확인되지 않음 — 수동 검수 필요",,
REVIEW,MG-MG05-S076,ITX-IS03-S076,,"잠정 병합(역명 일치 ""서대전"", 지역 MUGUNGHWA) — 좌표 정보가 한쪽 또는 양쪽에 없고 공식 환승 관계도 확인되지 않음 — 수동 검수 필요",,
REVIEW,MG-MG05-S076,ITX-IS04-S076,,"잠정 병합(역명 일치 ""서대전"", 지역 MUGUNGHWA) — 좌표 정보가 한쪽 또는 양쪽에 없고 공식 환승 관계도 확인되지 않음 — 수동 검수 필요",,
REVIEW,MG-MG05-S076,ITX-IS05-S076,,"잠정 병합(역명 일치 ""서대전"", 지역 MUGUNGHWA) — 좌표 정보가 한쪽 또는 양쪽에 없고 공식 환승 관계도 확인되지 않음 — 수동 검수 필요",,
REVIEW,MG-MG06-S076,MG-MG07-S076,,"잠정 병합(역명 일치 ""서대전"", 지역 MUGUNGHWA) — 좌표 정보가 한쪽 또는 양쪽에 없고 공식 환승 관계도 확인되지 않음 — 수동 검수 필요",,
REVIEW,MG-MG06-S076,ITX-IS03-S076,,"잠정 병합(역명 일치 ""서대전"", 지역 MUGUNGHWA) — 좌표 정보가 한쪽 또는 양쪽에 없고 공식 환승 관계도 확인되지 않음 — 수동 검수 필요",,
REVIEW,MG-MG06-S076,ITX-IS04-S076,,"잠정 병합(역명 일치 ""서대전"", 지역 MUGUNGHWA) — 좌표 정보가 한쪽 또는 양쪽에 없고 공식 환승 관계도 확인되지 않음 — 수동 검수 필요",,
REVIEW,MG-MG06-S076,ITX-IS05-S076,,"잠정 병합(역명 일치 ""서대전"", 지역 MUGUNGHWA) — 좌표 정보가 한쪽 또는 양쪽에 없고 공식 환승 관계도 확인되지 않음 — 수동 검수 필요",,
REVIEW,MG-MG07-S076,ITX-IS03-S076,,"잠정 병합(역명 일치 ""서대전"", 지역 MUGUNGHWA) — 좌표 정보가 한쪽 또는 양쪽에 없고 공식 환승 관계도 확인되지 않음 — 수동 검수 필요",,
REVIEW,MG-MG07-S076,ITX-IS04-S076,,"잠정 병합(역명 일치 ""서대전"", 지역 MUGUNGHWA) — 좌표 정보가 한쪽 또는 양쪽에 없고 공식 환승 관계도 확인되지 않음 — 수동 검수 필요",,
REVIEW,MG-MG07-S076,ITX-IS05-S076,,"잠정 병합(역명 일치 ""서대전"", 지역 MUGUNGHWA) — 좌표 정보가 한쪽 또는 양쪽에 없고 공식 환승 관계도 확인되지 않음 — 수동 검수 필요",,
REVIEW,ITX-IS03-S076,ITX-IS04-S076,,"잠정 병합(역명 일치 ""서대전"", 지역 MUGUNGHWA) — 좌표 정보가 한쪽 또는 양쪽에 없고 공식 환승 관계도 확인되지 않음 — 수동 검수 필요",,
REVIEW,ITX-IS03-S076,ITX-IS05-S076,,"잠정 병합(역명 일치 ""서대전"", 지역 MUGUNGHWA) — 좌표 정보가 한쪽 또는 양쪽에 없고 공식 환승 관계도 확인되지 않음 — 수동 검수 필요",,
REVIEW,ITX-IS04-S076,ITX-IS05-S076,,"잠정 병합(역명 일치 ""서대전"", 지역 MUGUNGHWA) — 좌표 정보가 한쪽 또는 양쪽에 없고 공식 환승 관계도 확인되지 않음 — 수동 검수 필요",,
REVIEW,GL-호남선-KTX-S006,GL-호남선-SRT-S006,,"잠정 병합(역명 일치 ""계룡"", 지역 KTX) — 좌표 정보가 한쪽 또는 양쪽에 없고 공식 환승 관계도 확인되지 않음 — 수동 검수 필요",,
REVIEW,GL-호남선-KTX-S006,GL-전라선-KTX-S006,,"잠정 병합(역명 일치 ""계룡"", 지역 KTX) — 좌표 정보가 한쪽 또는 양쪽에 없고 공식 환승 관계도 확인되지 않음 — 수동 검수 필요",,
REVIEW,GL-호남선-SRT-S006,GL-전라선-KTX-S006,,"잠정 병합(역명 일치 ""계룡"", 지역 KTX) — 좌표 정보가 한쪽 또는 양쪽에 없고 공식 환승 관계도 확인되지 않음 — 수동 검수 필요",,
REVIEW,MG-MG05-S007,MG-MG06-S007,,"잠정 병합(역명 일치 ""계룡"", 지역 MUGUNGHWA) — 좌표 정보가 한쪽 또는 양쪽에 없고 공식 환승 관계도 확인되지 않음 — 수동 검수 필요",,
REVIEW,MG-MG05-S007,MG-MG07-S007,,"잠정 병합(역명 일치 ""계룡"", 지역 MUGUNGHWA) — 좌표 정보가 한쪽 또는 양쪽에 없고 공식 환승 관계도 확인되지 않음 — 수동 검수 필요",,
REVIEW,MG-MG05-S007,ITX-IS03-S007,,"잠정 병합(역명 일치 ""계룡"", 지역 MUGUNGHWA) — 좌표 정보가 한쪽 또는 양쪽에 없고 공식 환승 관계도 확인되지 않음 — 수동 검수 필요",,
REVIEW,MG-MG05-S007,ITX-IS04-S007,,"잠정 병합(역명 일치 ""계룡"", 지역 MUGUNGHWA) — 좌표 정보가 한쪽 또는 양쪽에 없고 공식 환승 관계도 확인되지 않음 — 수동 검수 필요",,
REVIEW,MG-MG05-S007,ITX-IS05-S007,,"잠정 병합(역명 일치 ""계룡"", 지역 MUGUNGHWA) — 좌표 정보가 한쪽 또는 양쪽에 없고 공식 환승 관계도 확인되지 않음 — 수동 검수 필요",,
REVIEW,MG-MG06-S007,MG-MG07-S007,,"잠정 병합(역명 일치 ""계룡"", 지역 MUGUNGHWA) — 좌표 정보가 한쪽 또는 양쪽에 없고 공식 환승 관계도 확인되지 않음 — 수동 검수 필요",,
REVIEW,MG-MG06-S007,ITX-IS03-S007,,"잠정 병합(역명 일치 ""계룡"", 지역 MUGUNGHWA) — 좌표 정보가 한쪽 또는 양쪽에 없고 공식 환승 관계도 확인되지 않음 — 수동 검수 필요",,
REVIEW,MG-MG06-S007,ITX-IS04-S007,,"잠정 병합(역명 일치 ""계룡"", 지역 MUGUNGHWA) — 좌표 정보가 한쪽 또는 양쪽에 없고 공식 환승 관계도 확인되지 않음 — 수동 검수 필요",,
REVIEW,MG-MG06-S007,ITX-IS05-S007,,"잠정 병합(역명 일치 ""계룡"", 지역 MUGUNGHWA) — 좌표 정보가 한쪽 또는 양쪽에 없고 공식 환승 관계도 확인되지 않음 — 수동 검수 필요",,
REVIEW,MG-MG07-S007,ITX-IS03-S007,,"잠정 병합(역명 일치 ""계룡"", 지역 MUGUNGHWA) — 좌표 정보가 한쪽 또는 양쪽에 없고 공식 환승 관계도 확인되지 않음 — 수동 검수 필요",,
REVIEW,MG-MG07-S007,ITX-IS04-S007,,"잠정 병합(역명 일치 ""계룡"", 지역 MUGUNGHWA) — 좌표 정보가 한쪽 또는 양쪽에 없고 공식 환승 관계도 확인되지 않음 — 수동 검수 필요",,
REVIEW,MG-MG07-S007,ITX-IS05-S007,,"잠정 병합(역명 일치 ""계룡"", 지역 MUGUNGHWA) — 좌표 정보가 한쪽 또는 양쪽에 없고 공식 환승 관계도 확인되지 않음 — 수동 검수 필요",,
REVIEW,ITX-IS03-S007,ITX-IS04-S007,,"잠정 병합(역명 일치 ""계룡"", 지역 MUGUNGHWA) — 좌표 정보가 한쪽 또는 양쪽에 없고 공식 환승 관계도 확인되지 않음 — 수동 검수 필요",,
REVIEW,ITX-IS03-S007,ITX-IS05-S007,,"잠정 병합(역명 일치 ""계룡"", 지역 MUGUNGHWA) — 좌표 정보가 한쪽 또는 양쪽에 없고 공식 환승 관계도 확인되지 않음 — 수동 검수 필요",,
REVIEW,ITX-IS04-S007,ITX-IS05-S007,,"잠정 병합(역명 일치 ""계룡"", 지역 MUGUNGHWA) — 좌표 정보가 한쪽 또는 양쪽에 없고 공식 환승 관계도 확인되지 않음 — 수동 검수 필요",,
REVIEW,GL-호남선-KTX-S019,GL-호남선-SRT-S019,,"잠정 병합(역명 일치 ""논산"", 지역 KTX) — 좌표 정보가 한쪽 또는 양쪽에 없고 공식 환승 관계도 확인되지 않음 — 수동 검수 필요",,
REVIEW,GL-호남선-KTX-S019,GL-전라선-KTX-S019,,"잠정 병합(역명 일치 ""논산"", 지역 KTX) — 좌표 정보가 한쪽 또는 양쪽에 없고 공식 환승 관계도 확인되지 않음 — 수동 검수 필요",,
REVIEW,GL-호남선-SRT-S019,GL-전라선-KTX-S019,,"잠정 병합(역명 일치 ""논산"", 지역 KTX) — 좌표 정보가 한쪽 또는 양쪽에 없고 공식 환승 관계도 확인되지 않음 — 수동 검수 필요",,
REVIEW,MG-MG05-S028,MG-MG06-S028,,"잠정 병합(역명 일치 ""논산"", 지역 MUGUNGHWA) — 좌표 정보가 한쪽 또는 양쪽에 없고 공식 환승 관계도 확인되지 않음 — 수동 검수 필요",,
REVIEW,MG-MG05-S028,MG-MG07-S028,,"잠정 병합(역명 일치 ""논산"", 지역 MUGUNGHWA) — 좌표 정보가 한쪽 또는 양쪽에 없고 공식 환승 관계도 확인되지 않음 — 수동 검수 필요",,
REVIEW,MG-MG05-S028,ITX-IS03-S028,,"잠정 병합(역명 일치 ""논산"", 지역 MUGUNGHWA) — 좌표 정보가 한쪽 또는 양쪽에 없고 공식 환승 관계도 확인되지 않음 — 수동 검수 필요",,
REVIEW,MG-MG05-S028,ITX-IS04-S028,,"잠정 병합(역명 일치 ""논산"", 지역 MUGUNGHWA) — 좌표 정보가 한쪽 또는 양쪽에 없고 공식 환승 관계도 확인되지 않음 — 수동 검수 필요",,
REVIEW,MG-MG05-S028,ITX-IS05-S028,,"잠정 병합(역명 일치 ""논산"", 지역 MUGUNGHWA) — 좌표 정보가 한쪽 또는 양쪽에 없고 공식 환승 관계도 확인되지 않음 — 수동 검수 필요",,
REVIEW,MG-MG06-S028,MG-MG07-S028,,"잠정 병합(역명 일치 ""논산"", 지역 MUGUNGHWA) — 좌표 정보가 한쪽 또는 양쪽에 없고 공식 환승 관계도 확인되지 않음 — 수동 검수 필요",,
REVIEW,MG-MG06-S028,ITX-IS03-S028,,"잠정 병합(역명 일치 ""논산"", 지역 MUGUNGHWA) — 좌표 정보가 한쪽 또는 양쪽에 없고 공식 환승 관계도 확인되지 않음 — 수동 검수 필요",,
REVIEW,MG-MG06-S028,ITX-IS04-S028,,"잠정 병합(역명 일치 ""논산"", 지역 MUGUNGHWA) — 좌표 정보가 한쪽 또는 양쪽에 없고 공식 환승 관계도 확인되지 않음 — 수동 검수 필요",,
REVIEW,MG-MG06-S028,ITX-IS05-S028,,"잠정 병합(역명 일치 ""논산"", 지역 MUGUNGHWA) — 좌표 정보가 한쪽 또는 양쪽에 없고 공식 환승 관계도 확인되지 않음 — 수동 검수 필요",,
REVIEW,MG-MG07-S028,ITX-IS03-S028,,"잠정 병합(역명 일치 ""논산"", 지역 MUGUNGHWA) — 좌표 정보가 한쪽 또는 양쪽에 없고 공식 환승 관계도 확인되지 않음 — 수동 검수 필요",,
REVIEW,MG-MG07-S028,ITX-IS04-S028,,"잠정 병합(역명 일치 ""논산"", 지역 MUGUNGHWA) — 좌표 정보가 한쪽 또는 양쪽에 없고 공식 환승 관계도 확인되지 않음 — 수동 검수 필요",,
REVIEW,MG-MG07-S028,ITX-IS05-S028,,"잠정 병합(역명 일치 ""논산"", 지역 MUGUNGHWA) — 좌표 정보가 한쪽 또는 양쪽에 없고 공식 환승 관계도 확인되지 않음 — 수동 검수 필요",,
REVIEW,ITX-IS03-S028,ITX-IS04-S028,,"잠정 병합(역명 일치 ""논산"", 지역 MUGUNGHWA) — 좌표 정보가 한쪽 또는 양쪽에 없고 공식 환승 관계도 확인되지 않음 — 수동 검수 필요",,
REVIEW,ITX-IS03-S028,ITX-IS05-S028,,"잠정 병합(역명 일치 ""논산"", 지역 MUGUNGHWA) — 좌표 정보가 한쪽 또는 양쪽에 없고 공식 환승 관계도 확인되지 않음 — 수동 검수 필요",,
REVIEW,ITX-IS04-S028,ITX-IS05-S028,,"잠정 병합(역명 일치 ""논산"", 지역 MUGUNGHWA) — 좌표 정보가 한쪽 또는 양쪽에 없고 공식 환승 관계도 확인되지 않음 — 수동 검수 필요",,
REVIEW,GL-호남선-KTX-S067,GL-호남선-SRT-S067,,"잠정 병합(역명 일치 ""익산"", 지역 KTX) — 좌표 정보가 한쪽 또는 양쪽에 없고 공식 환승 관계도 확인되지 않음 — 수동 검수 필요",,
REVIEW,GL-호남선-KTX-S067,GL-전라선-KTX-S067,,"잠정 병합(역명 일치 ""익산"", 지역 KTX) — 좌표 정보가 한쪽 또는 양쪽에 없고 공식 환승 관계도 확인되지 않음 — 수동 검수 필요",,
REVIEW,GL-호남선-KTX-S067,GL-전라선-SRT-S067,,"잠정 병합(역명 일치 ""익산"", 지역 KTX) — 좌표 정보가 한쪽 또는 양쪽에 없고 공식 환승 관계도 확인되지 않음 — 수동 검수 필요",,
REVIEW,GL-호남선-SRT-S067,GL-전라선-KTX-S067,,"잠정 병합(역명 일치 ""익산"", 지역 KTX) — 좌표 정보가 한쪽 또는 양쪽에 없고 공식 환승 관계도 확인되지 않음 — 수동 검수 필요",,
REVIEW,GL-호남선-SRT-S067,GL-전라선-SRT-S067,,"잠정 병합(역명 일치 ""익산"", 지역 KTX) — 좌표 정보가 한쪽 또는 양쪽에 없고 공식 환승 관계도 확인되지 않음 — 수동 검수 필요",,
REVIEW,GL-전라선-KTX-S067,GL-전라선-SRT-S067,,"잠정 병합(역명 일치 ""익산"", 지역 KTX) — 좌표 정보가 한쪽 또는 양쪽에 없고 공식 환승 관계도 확인되지 않음 — 수동 검수 필요",,
REVIEW,MG-MG04-S141,MG-MG05-S141,,"잠정 병합(역명 일치 ""익산"", 지역 MUGUNGHWA) — 좌표 정보가 한쪽 또는 양쪽에 없고 공식 환승 관계도 확인되지 않음 — 수동 검수 필요",,
REVIEW,MG-MG04-S141,MG-MG06-S141,,"잠정 병합(역명 일치 ""익산"", 지역 MUGUNGHWA) — 좌표 정보가 한쪽 또는 양쪽에 없고 공식 환승 관계도 확인되지 않음 — 수동 검수 필요",,
REVIEW,MG-MG04-S141,MG-MG07-S141,,"잠정 병합(역명 일치 ""익산"", 지역 MUGUNGHWA) — 좌표 정보가 한쪽 또는 양쪽에 없고 공식 환승 관계도 확인되지 않음 — 수동 검수 필요",,
REVIEW,MG-MG04-S141,ITX-IS03-S141,,"잠정 병합(역명 일치 ""익산"", 지역 MUGUNGHWA) — 좌표 정보가 한쪽 또는 양쪽에 없고 공식 환승 관계도 확인되지 않음 — 수동 검수 필요",,
REVIEW,MG-MG04-S141,ITX-IS04-S141,,"잠정 병합(역명 일치 ""익산"", 지역 MUGUNGHWA) — 좌표 정보가 한쪽 또는 양쪽에 없고 공식 환승 관계도 확인되지 않음 — 수동 검수 필요",,
REVIEW,MG-MG04-S141,ITX-IS05-S141,,"잠정 병합(역명 일치 ""익산"", 지역 MUGUNGHWA) — 좌표 정보가 한쪽 또는 양쪽에 없고 공식 환승 관계도 확인되지 않음 — 수동 검수 필요",,
REVIEW,MG-MG05-S141,MG-MG06-S141,,"잠정 병합(역명 일치 ""익산"", 지역 MUGUNGHWA) — 좌표 정보가 한쪽 또는 양쪽에 없고 공식 환승 관계도 확인되지 않음 — 수동 검수 필요",,
REVIEW,MG-MG05-S141,MG-MG07-S141,,"잠정 병합(역명 일치 ""익산"", 지역 MUGUNGHWA) — 좌표 정보가 한쪽 또는 양쪽에 없고 공식 환승 관계도 확인되지 않음 — 수동 검수 필요",,
REVIEW,MG-MG05-S141,ITX-IS03-S141,,"잠정 병합(역명 일치 ""익산"", 지역 MUGUNGHWA) — 좌표 정보가 한쪽 또는 양쪽에 없고 공식 환승 관계도 확인되지 않음 — 수동 검수 필요",,
REVIEW,MG-MG05-S141,ITX-IS04-S141,,"잠정 병합(역명 일치 ""익산"", 지역 MUGUNGHWA) — 좌표 정보가 한쪽 또는 양쪽에 없고 공식 환승 관계도 확인되지 않음 — 수동 검수 필요",,
REVIEW,MG-MG05-S141,ITX-IS05-S141,,"잠정 병합(역명 일치 ""익산"", 지역 MUGUNGHWA) — 좌표 정보가 한쪽 또는 양쪽에 없고 공식 환승 관계도 확인되지 않음 — 수동 검수 필요",,
REVIEW,MG-MG06-S141,MG-MG07-S141,,"잠정 병합(역명 일치 ""익산"", 지역 MUGUNGHWA) — 좌표 정보가 한쪽 또는 양쪽에 없고 공식 환승 관계도 확인되지 않음 — 수동 검수 필요",,
REVIEW,MG-MG06-S141,ITX-IS03-S141,,"잠정 병합(역명 일치 ""익산"", 지역 MUGUNGHWA) — 좌표 정보가 한쪽 또는 양쪽에 없고 공식 환승 관계도 확인되지 않음 — 수동 검수 필요",,
REVIEW,MG-MG06-S141,ITX-IS04-S141,,"잠정 병합(역명 일치 ""익산"", 지역 MUGUNGHWA) — 좌표 정보가 한쪽 또는 양쪽에 없고 공식 환승 관계도 확인되지 않음 — 수동 검수 필요",,
REVIEW,MG-MG06-S141,ITX-IS05-S141,,"잠정 병합(역명 일치 ""익산"", 지역 MUGUNGHWA) — 좌표 정보가 한쪽 또는 양쪽에 없고 공식 환승 관계도 확인되지 않음 — 수동 검수 필요",,
REVIEW,MG-MG07-S141,ITX-IS03-S141,,"잠정 병합(역명 일치 ""익산"", 지역 MUGUNGHWA) — 좌표 정보가 한쪽 또는 양쪽에 없고 공식 환승 관계도 확인되지 않음 — 수동 검수 필요",,
REVIEW,MG-MG07-S141,ITX-IS04-S141,,"잠정 병합(역명 일치 ""익산"", 지역 MUGUNGHWA) — 좌표 정보가 한쪽 또는 양쪽에 없고 공식 환승 관계도 확인되지 않음 — 수동 검수 필요",,
REVIEW,MG-MG07-S141,ITX-IS05-S141,,"잠정 병합(역명 일치 ""익산"", 지역 MUGUNGHWA) — 좌표 정보가 한쪽 또는 양쪽에 없고 공식 환승 관계도 확인되지 않음 — 수동 검수 필요",,
REVIEW,ITX-IS03-S141,ITX-IS04-S141,,"잠정 병합(역명 일치 ""익산"", 지역 MUGUNGHWA) — 좌표 정보가 한쪽 또는 양쪽에 없고 공식 환승 관계도 확인되지 않음 — 수동 검수 필요",,
REVIEW,ITX-IS03-S141,ITX-IS05-S141,,"잠정 병합(역명 일치 ""익산"", 지역 MUGUNGHWA) — 좌표 정보가 한쪽 또는 양쪽에 없고 공식 환승 관계도 확인되지 않음 — 수동 검수 필요",,
REVIEW,ITX-IS04-S141,ITX-IS05-S141,,"잠정 병합(역명 일치 ""익산"", 지역 MUGUNGHWA) — 좌표 정보가 한쪽 또는 양쪽에 없고 공식 환승 관계도 확인되지 않음 — 수동 검수 필요",,
REVIEW,MG-MG06-S022,MG-MG07-S022,,"잠정 병합(역명 일치 ""김제"", 지역 MUGUNGHWA) — 좌표 정보가 한쪽 또는 양쪽에 없고 공식 환승 관계도 확인되지 않음 — 수동 검수 필요",,
REVIEW,MG-MG06-S022,ITX-IS03-S022,,"잠정 병합(역명 일치 ""김제"", 지역 MUGUNGHWA) — 좌표 정보가 한쪽 또는 양쪽에 없고 공식 환승 관계도 확인되지 않음 — 수동 검수 필요",,
REVIEW,MG-MG06-S022,ITX-IS04-S022,,"잠정 병합(역명 일치 ""김제"", 지역 MUGUNGHWA) — 좌표 정보가 한쪽 또는 양쪽에 없고 공식 환승 관계도 확인되지 않음 — 수동 검수 필요",,
REVIEW,MG-MG07-S022,ITX-IS03-S022,,"잠정 병합(역명 일치 ""김제"", 지역 MUGUNGHWA) — 좌표 정보가 한쪽 또는 양쪽에 없고 공식 환승 관계도 확인되지 않음 — 수동 검수 필요",,
REVIEW,MG-MG07-S022,ITX-IS04-S022,,"잠정 병합(역명 일치 ""김제"", 지역 MUGUNGHWA) — 좌표 정보가 한쪽 또는 양쪽에 없고 공식 환승 관계도 확인되지 않음 — 수동 검수 필요",,
REVIEW,ITX-IS03-S022,ITX-IS04-S022,,"잠정 병합(역명 일치 ""김제"", 지역 MUGUNGHWA) — 좌표 정보가 한쪽 또는 양쪽에 없고 공식 환승 관계도 확인되지 않음 — 수동 검수 필요",,
REVIEW,GL-호남선-KTX-S071,GL-호남선-SRT-S071,,"잠정 병합(역명 일치 ""정읍"", 지역 KTX) — 좌표 정보가 한쪽 또는 양쪽에 없고 공식 환승 관계도 확인되지 않음 — 수동 검수 필요",,
REVIEW,MG-MG06-S156,MG-MG07-S156,,"잠정 병합(역명 일치 ""정읍"", 지역 MUGUNGHWA) — 좌표 정보가 한쪽 또는 양쪽에 없고 공식 환승 관계도 확인되지 않음 — 수동 검수 필요",,
REVIEW,MG-MG06-S156,ITX-IS03-S156,,"잠정 병합(역명 일치 ""정읍"", 지역 MUGUNGHWA) — 좌표 정보가 한쪽 또는 양쪽에 없고 공식 환승 관계도 확인되지 않음 — 수동 검수 필요",,
REVIEW,MG-MG06-S156,ITX-IS04-S156,,"잠정 병합(역명 일치 ""정읍"", 지역 MUGUNGHWA) — 좌표 정보가 한쪽 또는 양쪽에 없고 공식 환승 관계도 확인되지 않음 — 수동 검수 필요",,
REVIEW,MG-MG07-S156,ITX-IS03-S156,,"잠정 병합(역명 일치 ""정읍"", 지역 MUGUNGHWA) — 좌표 정보가 한쪽 또는 양쪽에 없고 공식 환승 관계도 확인되지 않음 — 수동 검수 필요",,
REVIEW,MG-MG07-S156,ITX-IS04-S156,,"잠정 병합(역명 일치 ""정읍"", 지역 MUGUNGHWA) — 좌표 정보가 한쪽 또는 양쪽에 없고 공식 환승 관계도 확인되지 않음 — 수동 검수 필요",,
REVIEW,ITX-IS03-S156,ITX-IS04-S156,,"잠정 병합(역명 일치 ""정읍"", 지역 MUGUNGHWA) — 좌표 정보가 한쪽 또는 양쪽에 없고 공식 환승 관계도 확인되지 않음 — 수동 검수 필요",,
REVIEW,MG-MG06-S149,MG-MG07-S149,,"잠정 병합(역명 일치 ""장성"", 지역 MUGUNGHWA) — 좌표 정보가 한쪽 또는 양쪽에 없고 공식 환승 관계도 확인되지 않음 — 수동 검수 필요",,
REVIEW,MG-MG06-S149,ITX-IS03-S149,,"잠정 병합(역명 일치 ""장성"", 지역 MUGUNGHWA) — 좌표 정보가 한쪽 또는 양쪽에 없고 공식 환승 관계도 확인되지 않음 — 수동 검수 필요",,
REVIEW,MG-MG06-S149,ITX-IS04-S149,,"잠정 병합(역명 일치 ""장성"", 지역 MUGUNGHWA) — 좌표 정보가 한쪽 또는 양쪽에 없고 공식 환승 관계도 확인되지 않음 — 수동 검수 필요",,
REVIEW,MG-MG07-S149,ITX-IS03-S149,,"잠정 병합(역명 일치 ""장성"", 지역 MUGUNGHWA) — 좌표 정보가 한쪽 또는 양쪽에 없고 공식 환승 관계도 확인되지 않음 — 수동 검수 필요",,
REVIEW,MG-MG07-S149,ITX-IS04-S149,,"잠정 병합(역명 일치 ""장성"", 지역 MUGUNGHWA) — 좌표 정보가 한쪽 또는 양쪽에 없고 공식 환승 관계도 확인되지 않음 — 수동 검수 필요",,
REVIEW,ITX-IS03-S149,ITX-IS04-S149,,"잠정 병합(역명 일치 ""장성"", 지역 MUGUNGHWA) — 좌표 정보가 한쪽 또는 양쪽에 없고 공식 환승 관계도 확인되지 않음 — 수동 검수 필요",,
REVIEW,GL-호남선-KTX-S016,GL-호남선-SRT-S016,,"잠정 병합(역명 일치 ""나주"", 지역 KTX) — 좌표 정보가 한쪽 또는 양쪽에 없고 공식 환승 관계도 확인되지 않음 — 수동 검수 필요",,
REVIEW,MG-MG07-S024,MG-MG08-S024,,"잠정 병합(역명 일치 ""나주"", 지역 MUGUNGHWA) — 좌표 정보가 한쪽 또는 양쪽에 없고 공식 환승 관계도 확인되지 않음 — 수동 검수 필요",,
REVIEW,MG-MG07-S024,ITX-IS03-S024,,"잠정 병합(역명 일치 ""나주"", 지역 MUGUNGHWA) — 좌표 정보가 한쪽 또는 양쪽에 없고 공식 환승 관계도 확인되지 않음 — 수동 검수 필요",,
REVIEW,MG-MG08-S024,ITX-IS03-S024,,"잠정 병합(역명 일치 ""나주"", 지역 MUGUNGHWA) — 좌표 정보가 한쪽 또는 양쪽에 없고 공식 환승 관계도 확인되지 않음 — 수동 검수 필요",,
REVIEW,GL-호남선-KTX-S029,GL-호남선-SRT-S029,,"잠정 병합(역명 일치 ""목포"", 지역 KTX) — 좌표 정보가 한쪽 또는 양쪽에 없고 공식 환승 관계도 확인되지 않음 — 수동 검수 필요",,
REVIEW,MG-MG07-S047,MG-MG08-S047,,"잠정 병합(역명 일치 ""목포"", 지역 MUGUNGHWA) — 좌표 정보가 한쪽 또는 양쪽에 없고 공식 환승 관계도 확인되지 않음 — 수동 검수 필요",,
REVIEW,MG-MG07-S047,MG-MG16-S047,,"잠정 병합(역명 일치 ""목포"", 지역 MUGUNGHWA) — 좌표 정보가 한쪽 또는 양쪽에 없고 공식 환승 관계도 확인되지 않음 — 수동 검수 필요",,
REVIEW,MG-MG07-S047,ITX-IS03-S047,,"잠정 병합(역명 일치 ""목포"", 지역 MUGUNGHWA) — 좌표 정보가 한쪽 또는 양쪽에 없고 공식 환승 관계도 확인되지 않음 — 수동 검수 필요",,
REVIEW,MG-MG08-S047,MG-MG16-S047,,"잠정 병합(역명 일치 ""목포"", 지역 MUGUNGHWA) — 좌표 정보가 한쪽 또는 양쪽에 없고 공식 환승 관계도 확인되지 않음 — 수동 검수 필요",,
REVIEW,MG-MG08-S047,ITX-IS03-S047,,"잠정 병합(역명 일치 ""목포"", 지역 MUGUNGHWA) — 좌표 정보가 한쪽 또는 양쪽에 없고 공식 환승 관계도 확인되지 않음 — 수동 검수 필요",,
REVIEW,MG-MG16-S047,ITX-IS03-S047,,"잠정 병합(역명 일치 ""목포"", 지역 MUGUNGHWA) — 좌표 정보가 한쪽 또는 양쪽에 없고 공식 환승 관계도 확인되지 않음 — 수동 검수 필요",,
REVIEW,GL-전라선-KTX-S069,GL-전라선-SRT-S069,,"잠정 병합(역명 일치 ""전주"", 지역 KTX) — 좌표 정보가 한쪽 또는 양쪽에 없고 공식 환승 관계도 확인되지 않음 — 수동 검수 필요",,
REVIEW,MG-MG05-S154,ITX-IS05-S154,,"잠정 병합(역명 일치 ""전주"", 지역 MUGUNGHWA) — 좌표 정보가 한쪽 또는 양쪽에 없고 공식 환승 관계도 확인되지 않음 — 수동 검수 필요",,
REVIEW,GL-전라선-KTX-S017,GL-전라선-SRT-S017,,"잠정 병합(역명 일치 ""남원"", 지역 KTX) — 좌표 정보가 한쪽 또는 양쪽에 없고 공식 환승 관계도 확인되지 않음 — 수동 검수 필요",,
REVIEW,MG-MG05-S026,ITX-IS05-S026,,"잠정 병합(역명 일치 ""남원"", 지역 MUGUNGHWA) — 좌표 정보가 한쪽 또는 양쪽에 없고 공식 환승 관계도 확인되지 않음 — 수동 검수 필요",,
REVIEW,GL-전라선-KTX-S007,GL-전라선-SRT-S007,,"잠정 병합(역명 일치 ""곡성"", 지역 KTX) — 좌표 정보가 한쪽 또는 양쪽에 없고 공식 환승 관계도 확인되지 않음 — 수동 검수 필요",,
REVIEW,MG-MG05-S009,ITX-IS05-S009,,"잠정 병합(역명 일치 ""곡성"", 지역 MUGUNGHWA) — 좌표 정보가 한쪽 또는 양쪽에 없고 공식 환승 관계도 확인되지 않음 — 수동 검수 필요",,
REVIEW,GL-전라선-KTX-S011,GL-전라선-SRT-S011,,"잠정 병합(역명 일치 ""구례구"", 지역 KTX) — 좌표 정보가 한쪽 또는 양쪽에 없고 공식 환승 관계도 확인되지 않음 — 수동 검수 필요",,
REVIEW,MG-MG05-S014,ITX-IS05-S014,,"잠정 병합(역명 일치 ""구례구"", 지역 MUGUNGHWA) — 좌표 정보가 한쪽 또는 양쪽에 없고 공식 환승 관계도 확인되지 않음 — 수동 검수 필요",,
REVIEW,GL-전라선-KTX-S049,GL-전라선-SRT-S049,,"잠정 병합(역명 일치 ""순천"", 지역 KTX) — 좌표 정보가 한쪽 또는 양쪽에 없고 공식 환승 관계도 확인되지 않음 — 수동 검수 필요",,
REVIEW,MG-MG05-S087,MG-MG16-S087,,"잠정 병합(역명 일치 ""순천"", 지역 MUGUNGHWA) — 좌표 정보가 한쪽 또는 양쪽에 없고 공식 환승 관계도 확인되지 않음 — 수동 검수 필요",,
REVIEW,MG-MG05-S087,MG-MG17-S087,,"잠정 병합(역명 일치 ""순천"", 지역 MUGUNGHWA) — 좌표 정보가 한쪽 또는 양쪽에 없고 공식 환승 관계도 확인되지 않음 — 수동 검수 필요",,
REVIEW,MG-MG05-S087,ITX-IS05-S087,,"잠정 병합(역명 일치 ""순천"", 지역 MUGUNGHWA) — 좌표 정보가 한쪽 또는 양쪽에 없고 공식 환승 관계도 확인되지 않음 — 수동 검수 필요",,
REVIEW,MG-MG16-S087,MG-MG17-S087,,"잠정 병합(역명 일치 ""순천"", 지역 MUGUNGHWA) — 좌표 정보가 한쪽 또는 양쪽에 없고 공식 환승 관계도 확인되지 않음 — 수동 검수 필요",,
REVIEW,MG-MG16-S087,ITX-IS05-S087,,"잠정 병합(역명 일치 ""순천"", 지역 MUGUNGHWA) — 좌표 정보가 한쪽 또는 양쪽에 없고 공식 환승 관계도 확인되지 않음 — 수동 검수 필요",,
REVIEW,MG-MG17-S087,ITX-IS05-S087,,"잠정 병합(역명 일치 ""순천"", 지역 MUGUNGHWA) — 좌표 정보가 한쪽 또는 양쪽에 없고 공식 환승 관계도 확인되지 않음 — 수동 검수 필요",,
REVIEW,GL-전라선-KTX-S055,GL-전라선-SRT-S055,,"잠정 병합(역명 일치 ""여천"", 지역 KTX) — 좌표 정보가 한쪽 또는 양쪽에 없고 공식 환승 관계도 확인되지 않음 — 수동 검수 필요",,
REVIEW,MG-MG05-S108,ITX-IS05-S108,,"잠정 병합(역명 일치 ""여천"", 지역 MUGUNGHWA) — 좌표 정보가 한쪽 또는 양쪽에 없고 공식 환승 관계도 확인되지 않음 — 수동 검수 필요",,
REVIEW,GL-전라선-KTX-S054,GL-전라선-SRT-S054,,"잠정 병합(역명 일치 ""여수엑스포"", 지역 KTX) — 좌표 정보가 한쪽 또는 양쪽에 없고 공식 환승 관계도 확인되지 않음 — 수동 검수 필요",,
REVIEW,MG-MG05-S107,ITX-IS05-S107,,"잠정 병합(역명 일치 ""여수엑스포"", 지역 MUGUNGHWA) — 좌표 정보가 한쪽 또는 양쪽에 없고 공식 환승 관계도 확인되지 않음 — 수동 검수 필요",,
REVIEW,GL-강릉선-KTX-S044,GL-중앙선-KTX-S044,,"잠정 병합(역명 일치 ""서원주"", 지역 KTX) — 좌표 정보가 한쪽 또는 양쪽에 없고 공식 환승 관계도 확인되지 않음 — 수동 검수 필요",,
REVIEW,MG-MG09-S078,MG-MG10-S078,,"잠정 병합(역명 일치 ""서원주"", 지역 MUGUNGHWA) — 좌표 정보가 한쪽 또는 양쪽에 없고 공식 환승 관계도 확인되지 않음 — 수동 검수 필요",,
REVIEW,GL-강릉선-KTX-S003,GL-동해선 전구간-KTX-S003,,"잠정 병합(역명 일치 ""강릉"", 지역 KTX) — 좌표 정보가 한쪽 또는 양쪽에 없고 공식 환승 관계도 확인되지 않음 — 수동 검수 필요",,
REVIEW,GL-강릉선-KTX-S070,GL-동해선 전구간-KTX-S070,,"잠정 병합(역명 일치 ""정동진"", 지역 KTX) — 좌표 정보가 한쪽 또는 양쪽에 없고 공식 환승 관계도 확인되지 않음 — 수동 검수 필요",,
REVIEW,GL-강릉선-KTX-S030,GL-동해선 전구간-KTX-S030,,"잠정 병합(역명 일치 ""묵호"", 지역 KTX) — 좌표 정보가 한쪽 또는 양쪽에 없고 공식 환승 관계도 확인되지 않음 — 수동 검수 필요",,
REVIEW,GL-강릉선-KTX-S025,GL-동해선 전구간-KTX-S025,,"잠정 병합(역명 일치 ""동해"", 지역 KTX) — 좌표 정보가 한쪽 또는 양쪽에 없고 공식 환승 관계도 확인되지 않음 — 수동 검수 필요",,
REVIEW,MG-MG10-S042,MG-MG11-S042,,"잠정 병합(역명 일치 ""동해"", 지역 MUGUNGHWA) — 좌표 정보가 한쪽 또는 양쪽에 없고 공식 환승 관계도 확인되지 않음 — 수동 검수 필요",,
REVIEW,MG-MG09-S135,MG-MG10-S135,,"잠정 병합(역명 일치 ""원주"", 지역 MUGUNGHWA) — 좌표 정보가 한쪽 또는 양쪽에 없고 공식 환승 관계도 확인되지 않음 — 수동 검수 필요",,
REVIEW,MG-MG01-S157,MG-MG09-S157,,"잠정 병합(역명 일치 ""제천"", 지역 MUGUNGHWA) — 좌표 정보가 한쪽 또는 양쪽에 없고 공식 환승 관계도 확인되지 않음 — 수동 검수 필요",,
REVIEW,MG-MG01-S157,MG-MG10-S157,,"잠정 병합(역명 일치 ""제천"", 지역 MUGUNGHWA) — 좌표 정보가 한쪽 또는 양쪽에 없고 공식 환승 관계도 확인되지 않음 — 수동 검수 필요",,
REVIEW,MG-MG01-S157,MG-MG20-S157,,"잠정 병합(역명 일치 ""제천"", 지역 MUGUNGHWA) — 좌표 정보가 한쪽 또는 양쪽에 없고 공식 환승 관계도 확인되지 않음 — 수동 검수 필요",,
REVIEW,MG-MG09-S157,MG-MG10-S157,,"잠정 병합(역명 일치 ""제천"", 지역 MUGUNGHWA) — 좌표 정보가 한쪽 또는 양쪽에 없고 공식 환승 관계도 확인되지 않음 — 수동 검수 필요",,
REVIEW,MG-MG09-S157,MG-MG20-S157,,"잠정 병합(역명 일치 ""제천"", 지역 MUGUNGHWA) — 좌표 정보가 한쪽 또는 양쪽에 없고 공식 환승 관계도 확인되지 않음 — 수동 검수 필요",,
REVIEW,MG-MG10-S157,MG-MG20-S157,,"잠정 병합(역명 일치 ""제천"", 지역 MUGUNGHWA) — 좌표 정보가 한쪽 또는 양쪽에 없고 공식 환승 관계도 확인되지 않음 — 수동 검수 필요",,
REVIEW,MG-MG01-S031,MG-MG09-S031,,"잠정 병합(역명 일치 ""단양"", 지역 MUGUNGHWA) — 좌표 정보가 한쪽 또는 양쪽에 없고 공식 환승 관계도 확인되지 않음 — 수동 검수 필요",,
REVIEW,MG-MG01-S031,MG-MG20-S031,,"잠정 병합(역명 일치 ""단양"", 지역 MUGUNGHWA) — 좌표 정보가 한쪽 또는 양쪽에 없고 공식 환승 관계도 확인되지 않음 — 수동 검수 필요",,
REVIEW,MG-MG09-S031,MG-MG20-S031,,"잠정 병합(역명 일치 ""단양"", 지역 MUGUNGHWA) — 좌표 정보가 한쪽 또는 양쪽에 없고 공식 환승 관계도 확인되지 않음 — 수동 검수 필요",,
REVIEW,MG-MG01-S187,MG-MG09-S187,,"잠정 병합(역명 일치 ""풍기"", 지역 MUGUNGHWA) — 좌표 정보가 한쪽 또는 양쪽에 없고 공식 환승 관계도 확인되지 않음 — 수동 검수 필요",,
REVIEW,MG-MG01-S187,MG-MG20-S187,,"잠정 병합(역명 일치 ""풍기"", 지역 MUGUNGHWA) — 좌표 정보가 한쪽 또는 양쪽에 없고 공식 환승 관계도 확인되지 않음 — 수동 검수 필요",,
REVIEW,MG-MG09-S187,MG-MG20-S187,,"잠정 병합(역명 일치 ""풍기"", 지역 MUGUNGHWA) — 좌표 정보가 한쪽 또는 양쪽에 없고 공식 환승 관계도 확인되지 않음 — 수동 검수 필요",,
REVIEW,MG-MG01-S114,MG-MG09-S114,,"잠정 병합(역명 일치 ""영주"", 지역 MUGUNGHWA) — 좌표 정보가 한쪽 또는 양쪽에 없고 공식 환승 관계도 확인되지 않음 — 수동 검수 필요",,
REVIEW,MG-MG01-S114,MG-MG11-S114,,"잠정 병합(역명 일치 ""영주"", 지역 MUGUNGHWA) — 좌표 정보가 한쪽 또는 양쪽에 없고 공식 환승 관계도 확인되지 않음 — 수동 검수 필요",,
REVIEW,MG-MG01-S114,MG-MG18-S114,,"잠정 병합(역명 일치 ""영주"", 지역 MUGUNGHWA) — 좌표 정보가 한쪽 또는 양쪽에 없고 공식 환승 관계도 확인되지 않음 — 수동 검수 필요",,
REVIEW,MG-MG01-S114,MG-MG20-S114,,"잠정 병합(역명 일치 ""영주"", 지역 MUGUNGHWA) — 좌표 정보가 한쪽 또는 양쪽에 없고 공식 환승 관계도 확인되지 않음 — 수동 검수 필요",,
REVIEW,MG-MG09-S114,MG-MG11-S114,,"잠정 병합(역명 일치 ""영주"", 지역 MUGUNGHWA) — 좌표 정보가 한쪽 또는 양쪽에 없고 공식 환승 관계도 확인되지 않음 — 수동 검수 필요",,
REVIEW,MG-MG09-S114,MG-MG18-S114,,"잠정 병합(역명 일치 ""영주"", 지역 MUGUNGHWA) — 좌표 정보가 한쪽 또는 양쪽에 없고 공식 환승 관계도 확인되지 않음 — 수동 검수 필요",,
REVIEW,MG-MG09-S114,MG-MG20-S114,,"잠정 병합(역명 일치 ""영주"", 지역 MUGUNGHWA) — 좌표 정보가 한쪽 또는 양쪽에 없고 공식 환승 관계도 확인되지 않음 — 수동 검수 필요",,
REVIEW,MG-MG11-S114,MG-MG18-S114,,"잠정 병합(역명 일치 ""영주"", 지역 MUGUNGHWA) — 좌표 정보가 한쪽 또는 양쪽에 없고 공식 환승 관계도 확인되지 않음 — 수동 검수 필요",,
REVIEW,MG-MG11-S114,MG-MG20-S114,,"잠정 병합(역명 일치 ""영주"", 지역 MUGUNGHWA) — 좌표 정보가 한쪽 또는 양쪽에 없고 공식 환승 관계도 확인되지 않음 — 수동 검수 필요",,
REVIEW,MG-MG18-S114,MG-MG20-S114,,"잠정 병합(역명 일치 ""영주"", 지역 MUGUNGHWA) — 좌표 정보가 한쪽 또는 양쪽에 없고 공식 환승 관계도 확인되지 않음 — 수동 검수 필요",,
REVIEW,MG-MG12-S115,MG-MG13-S115,,"잠정 병합(역명 일치 ""영천"", 지역 MUGUNGHWA) — 좌표 정보가 한쪽 또는 양쪽에 없고 공식 환승 관계도 확인되지 않음 — 수동 검수 필요",,
REVIEW,MG-MG12-S062,MG-MG14-S062,,"잠정 병합(역명 일치 ""북울산"", 지역 MUGUNGHWA) — 좌표 정보가 한쪽 또는 양쪽에 없고 공식 환승 관계도 확인되지 않음 — 수동 검수 필요",,
REVIEW,GL-동해선-KTX-S085,GL-동해선-SRT-S085,,"잠정 병합(역명 일치 ""포항"", 지역 KTX) — 좌표 정보가 한쪽 또는 양쪽에 없고 공식 환승 관계도 확인되지 않음 — 수동 검수 필요",,
REVIEW,GL-동해선-KTX-S085,GL-동해선 전구간-KTX-S085,,"잠정 병합(역명 일치 ""포항"", 지역 KTX) — 좌표 정보가 한쪽 또는 양쪽에 없고 공식 환승 관계도 확인되지 않음 — 수동 검수 필요",,
REVIEW,GL-동해선-SRT-S085,GL-동해선 전구간-KTX-S085,,"잠정 병합(역명 일치 ""포항"", 지역 KTX) — 좌표 정보가 한쪽 또는 양쪽에 없고 공식 환승 관계도 확인되지 않음 — 수동 검수 필요",,
REVIEW,MG-MG13-S186,MG-MG14-S186,,"잠정 병합(역명 일치 ""포항"", 지역 MUGUNGHWA) — 좌표 정보가 한쪽 또는 양쪽에 없고 공식 환승 관계도 확인되지 않음 — 수동 검수 필요",,
REVIEW,GL-경전선-KTX-S074,GL-경전선-SRT-S074,,"잠정 병합(역명 일치 ""진영"", 지역 KTX) — 좌표 정보가 한쪽 또는 양쪽에 없고 공식 환승 관계도 확인되지 않음 — 수동 검수 필요",,
REVIEW,MG-MG15-S167,MG-MG16-S167,,"잠정 병합(역명 일치 ""진영"", 지역 MUGUNGHWA) — 좌표 정보가 한쪽 또는 양쪽에 없고 공식 환승 관계도 확인되지 않음 — 수동 검수 필요",,
REVIEW,MG-MG15-S167,ITX-IS02-S167,,"잠정 병합(역명 일치 ""진영"", 지역 MUGUNGHWA) — 좌표 정보가 한쪽 또는 양쪽에 없고 공식 환승 관계도 확인되지 않음 — 수동 검수 필요",,
REVIEW,MG-MG16-S167,ITX-IS02-S167,,"잠정 병합(역명 일치 ""진영"", 지역 MUGUNGHWA) — 좌표 정보가 한쪽 또는 양쪽에 없고 공식 환승 관계도 확인되지 않음 — 수동 검수 필요",,
REVIEW,GL-경전선-KTX-S077,GL-경전선-SRT-S077,,"잠정 병합(역명 일치 ""창원중앙"", 지역 KTX) — 좌표 정보가 한쪽 또는 양쪽에 없고 공식 환승 관계도 확인되지 않음 — 수동 검수 필요",,
REVIEW,MG-MG15-S170,MG-MG16-S170,,"잠정 병합(역명 일치 ""창원중앙"", 지역 MUGUNGHWA) — 좌표 정보가 한쪽 또는 양쪽에 없고 공식 환승 관계도 확인되지 않음 — 수동 검수 필요",,
REVIEW,MG-MG15-S170,ITX-IS02-S170,,"잠정 병합(역명 일치 ""창원중앙"", 지역 MUGUNGHWA) — 좌표 정보가 한쪽 또는 양쪽에 없고 공식 환승 관계도 확인되지 않음 — 수동 검수 필요",,
REVIEW,MG-MG16-S170,ITX-IS02-S170,,"잠정 병합(역명 일치 ""창원중앙"", 지역 MUGUNGHWA) — 좌표 정보가 한쪽 또는 양쪽에 없고 공식 환승 관계도 확인되지 않음 — 수동 검수 필요",,
REVIEW,GL-경전선-KTX-S076,GL-경전선-SRT-S076,,"잠정 병합(역명 일치 ""창원"", 지역 KTX) — 좌표 정보가 한쪽 또는 양쪽에 없고 공식 환승 관계도 확인되지 않음 — 수동 검수 필요",,
REVIEW,MG-MG15-S169,MG-MG16-S169,,"잠정 병합(역명 일치 ""창원"", 지역 MUGUNGHWA) — 좌표 정보가 한쪽 또는 양쪽에 없고 공식 환승 관계도 확인되지 않음 — 수동 검수 필요",,
REVIEW,MG-MG15-S169,ITX-IS02-S169,,"잠정 병합(역명 일치 ""창원"", 지역 MUGUNGHWA) — 좌표 정보가 한쪽 또는 양쪽에 없고 공식 환승 관계도 확인되지 않음 — 수동 검수 필요",,
REVIEW,MG-MG16-S169,ITX-IS02-S169,,"잠정 병합(역명 일치 ""창원"", 지역 MUGUNGHWA) — 좌표 정보가 한쪽 또는 양쪽에 없고 공식 환승 관계도 확인되지 않음 — 수동 검수 필요",,
REVIEW,GL-경전선-KTX-S075,GL-경전선-SRT-S075,,"잠정 병합(역명 일치 ""진주"", 지역 KTX) — 좌표 정보가 한쪽 또는 양쪽에 없고 공식 환승 관계도 확인되지 않음 — 수동 검수 필요",,
REVIEW,MG-MG15-S168,MG-MG16-S168,,"잠정 병합(역명 일치 ""진주"", 지역 MUGUNGHWA) — 좌표 정보가 한쪽 또는 양쪽에 없고 공식 환승 관계도 확인되지 않음 — 수동 검수 필요",,
REVIEW,MG-MG15-S168,ITX-IS02-S168,,"잠정 병합(역명 일치 ""진주"", 지역 MUGUNGHWA) — 좌표 정보가 한쪽 또는 양쪽에 없고 공식 환승 관계도 확인되지 않음 — 수동 검수 필요",,
REVIEW,MG-MG16-S168,ITX-IS02-S168,,"잠정 병합(역명 일치 ""진주"", 지역 MUGUNGHWA) — 좌표 정보가 한쪽 또는 양쪽에 없고 공식 환승 관계도 확인되지 않음 — 수동 검수 필요",,
REVIEW,MG-MG01-S181,MG-MG20-S181,,"잠정 병합(역명 일치 ""충주"", 지역 MUGUNGHWA) — 좌표 정보가 한쪽 또는 양쪽에 없고 공식 환승 관계도 확인되지 않음 — 수동 검수 필요",,
REVIEW,MG-MG01-S090,MG-MG03-S090,,"잠정 병합(역명 일치 ""신동"", 지역 MUGUNGHWA) — 좌표 정보가 한쪽 또는 양쪽에 없고 공식 환승 관계도 확인되지 않음 — 수동 검수 필요",,
REVIEW,MG-MG01-S103,MG-MG03-S103,,"잠정 병합(역명 일치 ""약목"", 지역 MUGUNGHWA) — 좌표 정보가 한쪽 또는 양쪽에 없고 공식 환승 관계도 확인되지 않음 — 수동 검수 필요",,
REVIEW,MG-MG01-S200,MG-MG03-S200,,"잠정 병합(역명 일치 ""황간"", 지역 MUGUNGHWA) — 좌표 정보가 한쪽 또는 양쪽에 없고 공식 환승 관계도 확인되지 않음 — 수동 검수 필요",,
REVIEW,MG-MG01-S200,ITX-IS01-S200,,"잠정 병합(역명 일치 ""황간"", 지역 MUGUNGHWA) — 좌표 정보가 한쪽 또는 양쪽에 없고 공식 환승 관계도 확인되지 않음 — 수동 검수 필요",,
REVIEW,MG-MG03-S200,ITX-IS01-S200,,"잠정 병합(역명 일치 ""황간"", 지역 MUGUNGHWA) — 좌표 정보가 한쪽 또는 양쪽에 없고 공식 환승 관계도 확인되지 않음 — 수동 검수 필요",,
REVIEW,MG-MG01-S110,MG-MG03-S110,,"잠정 병합(역명 일치 ""영동"", 지역 MUGUNGHWA) — 좌표 정보가 한쪽 또는 양쪽에 없고 공식 환승 관계도 확인되지 않음 — 수동 검수 필요",,
REVIEW,MG-MG01-S110,ITX-IS01-S110,,"잠정 병합(역명 일치 ""영동"", 지역 MUGUNGHWA) — 좌표 정보가 한쪽 또는 양쪽에 없고 공식 환승 관계도 확인되지 않음 — 수동 검수 필요",,
REVIEW,MG-MG03-S110,ITX-IS01-S110,,"잠정 병합(역명 일치 ""영동"", 지역 MUGUNGHWA) — 좌표 정보가 한쪽 또는 양쪽에 없고 공식 환승 관계도 확인되지 않음 — 수동 검수 필요",,
REVIEW,MG-MG01-S096,MG-MG03-S096,,"잠정 병합(역명 일치 ""심천"", 지역 MUGUNGHWA) — 좌표 정보가 한쪽 또는 양쪽에 없고 공식 환승 관계도 확인되지 않음 — 수동 검수 필요",,
REVIEW,MG-MG01-S140,MG-MG03-S140,,"잠정 병합(역명 일치 ""이원"", 지역 MUGUNGHWA) — 좌표 정보가 한쪽 또는 양쪽에 없고 공식 환승 관계도 확인되지 않음 — 수동 검수 필요",,
REVIEW,MG-MG01-S140,ITX-IS01-S140,,"잠정 병합(역명 일치 ""이원"", 지역 MUGUNGHWA) — 좌표 정보가 한쪽 또는 양쪽에 없고 공식 환승 관계도 확인되지 않음 — 수동 검수 필요",,
REVIEW,MG-MG03-S140,ITX-IS01-S140,,"잠정 병합(역명 일치 ""이원"", 지역 MUGUNGHWA) — 좌표 정보가 한쪽 또는 양쪽에 없고 공식 환승 관계도 확인되지 않음 — 수동 검수 필요",,
REVIEW,MG-MG01-S125,MG-MG03-S125,,"잠정 병합(역명 일치 ""옥천"", 지역 MUGUNGHWA) — 좌표 정보가 한쪽 또는 양쪽에 없고 공식 환승 관계도 확인되지 않음 — 수동 검수 필요",,
REVIEW,MG-MG01-S125,ITX-IS01-S125,,"잠정 병합(역명 일치 ""옥천"", 지역 MUGUNGHWA) — 좌표 정보가 한쪽 또는 양쪽에 없고 공식 환승 관계도 확인되지 않음 — 수동 검수 필요",,
REVIEW,MG-MG03-S125,ITX-IS01-S125,,"잠정 병합(역명 일치 ""옥천"", 지역 MUGUNGHWA) — 좌표 정보가 한쪽 또는 양쪽에 없고 공식 환승 관계도 확인되지 않음 — 수동 검수 필요",,
REVIEW,MG-MG01-S093,MG-MG03-S093,,"잠정 병합(역명 일치 ""신탄진"", 지역 MUGUNGHWA) — 좌표 정보가 한쪽 또는 양쪽에 없고 공식 환승 관계도 확인되지 않음 — 수동 검수 필요",,
REVIEW,MG-MG01-S093,MG-MG05-S093,,"잠정 병합(역명 일치 ""신탄진"", 지역 MUGUNGHWA) — 좌표 정보가 한쪽 또는 양쪽에 없고 공식 환승 관계도 확인되지 않음 — 수동 검수 필요",,
REVIEW,MG-MG01-S093,MG-MG06-S093,,"잠정 병합(역명 일치 ""신탄진"", 지역 MUGUNGHWA) — 좌표 정보가 한쪽 또는 양쪽에 없고 공식 환승 관계도 확인되지 않음 — 수동 검수 필요",,
REVIEW,MG-MG01-S093,MG-MG07-S093,,"잠정 병합(역명 일치 ""신탄진"", 지역 MUGUNGHWA) — 좌표 정보가 한쪽 또는 양쪽에 없고 공식 환승 관계도 확인되지 않음 — 수동 검수 필요",,
REVIEW,MG-MG01-S093,ITX-IS01-S093,,"잠정 병합(역명 일치 ""신탄진"", 지역 MUGUNGHWA) — 좌표 정보가 한쪽 또는 양쪽에 없고 공식 환승 관계도 확인되지 않음 — 수동 검수 필요",,
REVIEW,MG-MG01-S093,ITX-IS03-S093,,"잠정 병합(역명 일치 ""신탄진"", 지역 MUGUNGHWA) — 좌표 정보가 한쪽 또는 양쪽에 없고 공식 환승 관계도 확인되지 않음 — 수동 검수 필요",,
REVIEW,MG-MG01-S093,ITX-IS04-S093,,"잠정 병합(역명 일치 ""신탄진"", 지역 MUGUNGHWA) — 좌표 정보가 한쪽 또는 양쪽에 없고 공식 환승 관계도 확인되지 않음 — 수동 검수 필요",,
REVIEW,MG-MG01-S093,ITX-IS05-S093,,"잠정 병합(역명 일치 ""신탄진"", 지역 MUGUNGHWA) — 좌표 정보가 한쪽 또는 양쪽에 없고 공식 환승 관계도 확인되지 않음 — 수동 검수 필요",,
REVIEW,MG-MG03-S093,MG-MG05-S093,,"잠정 병합(역명 일치 ""신탄진"", 지역 MUGUNGHWA) — 좌표 정보가 한쪽 또는 양쪽에 없고 공식 환승 관계도 확인되지 않음 — 수동 검수 필요",,
REVIEW,MG-MG03-S093,MG-MG06-S093,,"잠정 병합(역명 일치 ""신탄진"", 지역 MUGUNGHWA) — 좌표 정보가 한쪽 또는 양쪽에 없고 공식 환승 관계도 확인되지 않음 — 수동 검수 필요",,
REVIEW,MG-MG03-S093,MG-MG07-S093,,"잠정 병합(역명 일치 ""신탄진"", 지역 MUGUNGHWA) — 좌표 정보가 한쪽 또는 양쪽에 없고 공식 환승 관계도 확인되지 않음 — 수동 검수 필요",,
REVIEW,MG-MG03-S093,ITX-IS01-S093,,"잠정 병합(역명 일치 ""신탄진"", 지역 MUGUNGHWA) — 좌표 정보가 한쪽 또는 양쪽에 없고 공식 환승 관계도 확인되지 않음 — 수동 검수 필요",,
REVIEW,MG-MG03-S093,ITX-IS03-S093,,"잠정 병합(역명 일치 ""신탄진"", 지역 MUGUNGHWA) — 좌표 정보가 한쪽 또는 양쪽에 없고 공식 환승 관계도 확인되지 않음 — 수동 검수 필요",,
REVIEW,MG-MG03-S093,ITX-IS04-S093,,"잠정 병합(역명 일치 ""신탄진"", 지역 MUGUNGHWA) — 좌표 정보가 한쪽 또는 양쪽에 없고 공식 환승 관계도 확인되지 않음 — 수동 검수 필요",,
REVIEW,MG-MG03-S093,ITX-IS05-S093,,"잠정 병합(역명 일치 ""신탄진"", 지역 MUGUNGHWA) — 좌표 정보가 한쪽 또는 양쪽에 없고 공식 환승 관계도 확인되지 않음 — 수동 검수 필요",,
REVIEW,MG-MG05-S093,MG-MG06-S093,,"잠정 병합(역명 일치 ""신탄진"", 지역 MUGUNGHWA) — 좌표 정보가 한쪽 또는 양쪽에 없고 공식 환승 관계도 확인되지 않음 — 수동 검수 필요",,
REVIEW,MG-MG05-S093,MG-MG07-S093,,"잠정 병합(역명 일치 ""신탄진"", 지역 MUGUNGHWA) — 좌표 정보가 한쪽 또는 양쪽에 없고 공식 환승 관계도 확인되지 않음 — 수동 검수 필요",,
REVIEW,MG-MG05-S093,ITX-IS01-S093,,"잠정 병합(역명 일치 ""신탄진"", 지역 MUGUNGHWA) — 좌표 정보가 한쪽 또는 양쪽에 없고 공식 환승 관계도 확인되지 않음 — 수동 검수 필요",,
REVIEW,MG-MG05-S093,ITX-IS03-S093,,"잠정 병합(역명 일치 ""신탄진"", 지역 MUGUNGHWA) — 좌표 정보가 한쪽 또는 양쪽에 없고 공식 환승 관계도 확인되지 않음 — 수동 검수 필요",,
REVIEW,MG-MG05-S093,ITX-IS04-S093,,"잠정 병합(역명 일치 ""신탄진"", 지역 MUGUNGHWA) — 좌표 정보가 한쪽 또는 양쪽에 없고 공식 환승 관계도 확인되지 않음 — 수동 검수 필요",,
REVIEW,MG-MG05-S093,ITX-IS05-S093,,"잠정 병합(역명 일치 ""신탄진"", 지역 MUGUNGHWA) — 좌표 정보가 한쪽 또는 양쪽에 없고 공식 환승 관계도 확인되지 않음 — 수동 검수 필요",,
REVIEW,MG-MG06-S093,MG-MG07-S093,,"잠정 병합(역명 일치 ""신탄진"", 지역 MUGUNGHWA) — 좌표 정보가 한쪽 또는 양쪽에 없고 공식 환승 관계도 확인되지 않음 — 수동 검수 필요",,
REVIEW,MG-MG06-S093,ITX-IS01-S093,,"잠정 병합(역명 일치 ""신탄진"", 지역 MUGUNGHWA) — 좌표 정보가 한쪽 또는 양쪽에 없고 공식 환승 관계도 확인되지 않음 — 수동 검수 필요",,
REVIEW,MG-MG06-S093,ITX-IS03-S093,,"잠정 병합(역명 일치 ""신탄진"", 지역 MUGUNGHWA) — 좌표 정보가 한쪽 또는 양쪽에 없고 공식 환승 관계도 확인되지 않음 — 수동 검수 필요",,
REVIEW,MG-MG06-S093,ITX-IS04-S093,,"잠정 병합(역명 일치 ""신탄진"", 지역 MUGUNGHWA) — 좌표 정보가 한쪽 또는 양쪽에 없고 공식 환승 관계도 확인되지 않음 — 수동 검수 필요",,
REVIEW,MG-MG06-S093,ITX-IS05-S093,,"잠정 병합(역명 일치 ""신탄진"", 지역 MUGUNGHWA) — 좌표 정보가 한쪽 또는 양쪽에 없고 공식 환승 관계도 확인되지 않음 — 수동 검수 필요",,
REVIEW,MG-MG07-S093,ITX-IS01-S093,,"잠정 병합(역명 일치 ""신탄진"", 지역 MUGUNGHWA) — 좌표 정보가 한쪽 또는 양쪽에 없고 공식 환승 관계도 확인되지 않음 — 수동 검수 필요",,
REVIEW,MG-MG07-S093,ITX-IS03-S093,,"잠정 병합(역명 일치 ""신탄진"", 지역 MUGUNGHWA) — 좌표 정보가 한쪽 또는 양쪽에 없고 공식 환승 관계도 확인되지 않음 — 수동 검수 필요",,
REVIEW,MG-MG07-S093,ITX-IS04-S093,,"잠정 병합(역명 일치 ""신탄진"", 지역 MUGUNGHWA) — 좌표 정보가 한쪽 또는 양쪽에 없고 공식 환승 관계도 확인되지 않음 — 수동 검수 필요",,
REVIEW,MG-MG07-S093,ITX-IS05-S093,,"잠정 병합(역명 일치 ""신탄진"", 지역 MUGUNGHWA) — 좌표 정보가 한쪽 또는 양쪽에 없고 공식 환승 관계도 확인되지 않음 — 수동 검수 필요",,
REVIEW,ITX-IS01-S093,ITX-IS03-S093,,"잠정 병합(역명 일치 ""신탄진"", 지역 MUGUNGHWA) — 좌표 정보가 한쪽 또는 양쪽에 없고 공식 환승 관계도 확인되지 않음 — 수동 검수 필요",,
REVIEW,ITX-IS01-S093,ITX-IS04-S093,,"잠정 병합(역명 일치 ""신탄진"", 지역 MUGUNGHWA) — 좌표 정보가 한쪽 또는 양쪽에 없고 공식 환승 관계도 확인되지 않음 — 수동 검수 필요",,
REVIEW,ITX-IS01-S093,ITX-IS05-S093,,"잠정 병합(역명 일치 ""신탄진"", 지역 MUGUNGHWA) — 좌표 정보가 한쪽 또는 양쪽에 없고 공식 환승 관계도 확인되지 않음 — 수동 검수 필요",,
REVIEW,ITX-IS03-S093,ITX-IS04-S093,,"잠정 병합(역명 일치 ""신탄진"", 지역 MUGUNGHWA) — 좌표 정보가 한쪽 또는 양쪽에 없고 공식 환승 관계도 확인되지 않음 — 수동 검수 필요",,
REVIEW,ITX-IS03-S093,ITX-IS05-S093,,"잠정 병합(역명 일치 ""신탄진"", 지역 MUGUNGHWA) — 좌표 정보가 한쪽 또는 양쪽에 없고 공식 환승 관계도 확인되지 않음 — 수동 검수 필요",,
REVIEW,ITX-IS04-S093,ITX-IS05-S093,,"잠정 병합(역명 일치 ""신탄진"", 지역 MUGUNGHWA) — 좌표 정보가 한쪽 또는 양쪽에 없고 공식 환승 관계도 확인되지 않음 — 수동 검수 필요",,
REVIEW,MG-MG01-S059,MG-MG03-S059,,"잠정 병합(역명 일치 ""부강"", 지역 MUGUNGHWA) — 좌표 정보가 한쪽 또는 양쪽에 없고 공식 환승 관계도 확인되지 않음 — 수동 검수 필요",,
REVIEW,MG-MG01-S059,MG-MG05-S059,,"잠정 병합(역명 일치 ""부강"", 지역 MUGUNGHWA) — 좌표 정보가 한쪽 또는 양쪽에 없고 공식 환승 관계도 확인되지 않음 — 수동 검수 필요",,
REVIEW,MG-MG01-S059,MG-MG06-S059,,"잠정 병합(역명 일치 ""부강"", 지역 MUGUNGHWA) — 좌표 정보가 한쪽 또는 양쪽에 없고 공식 환승 관계도 확인되지 않음 — 수동 검수 필요",,
REVIEW,MG-MG01-S059,MG-MG07-S059,,"잠정 병합(역명 일치 ""부강"", 지역 MUGUNGHWA) — 좌표 정보가 한쪽 또는 양쪽에 없고 공식 환승 관계도 확인되지 않음 — 수동 검수 필요",,
REVIEW,MG-MG01-S059,ITX-IS01-S059,,"잠정 병합(역명 일치 ""부강"", 지역 MUGUNGHWA) — 좌표 정보가 한쪽 또는 양쪽에 없고 공식 환승 관계도 확인되지 않음 — 수동 검수 필요",,
REVIEW,MG-MG01-S059,ITX-IS03-S059,,"잠정 병합(역명 일치 ""부강"", 지역 MUGUNGHWA) — 좌표 정보가 한쪽 또는 양쪽에 없고 공식 환승 관계도 확인되지 않음 — 수동 검수 필요",,
REVIEW,MG-MG03-S059,MG-MG05-S059,,"잠정 병합(역명 일치 ""부강"", 지역 MUGUNGHWA) — 좌표 정보가 한쪽 또는 양쪽에 없고 공식 환승 관계도 확인되지 않음 — 수동 검수 필요",,
REVIEW,MG-MG03-S059,MG-MG06-S059,,"잠정 병합(역명 일치 ""부강"", 지역 MUGUNGHWA) — 좌표 정보가 한쪽 또는 양쪽에 없고 공식 환승 관계도 확인되지 않음 — 수동 검수 필요",,
REVIEW,MG-MG03-S059,MG-MG07-S059,,"잠정 병합(역명 일치 ""부강"", 지역 MUGUNGHWA) — 좌표 정보가 한쪽 또는 양쪽에 없고 공식 환승 관계도 확인되지 않음 — 수동 검수 필요",,
REVIEW,MG-MG03-S059,ITX-IS01-S059,,"잠정 병합(역명 일치 ""부강"", 지역 MUGUNGHWA) — 좌표 정보가 한쪽 또는 양쪽에 없고 공식 환승 관계도 확인되지 않음 — 수동 검수 필요",,
REVIEW,MG-MG03-S059,ITX-IS03-S059,,"잠정 병합(역명 일치 ""부강"", 지역 MUGUNGHWA) — 좌표 정보가 한쪽 또는 양쪽에 없고 공식 환승 관계도 확인되지 않음 — 수동 검수 필요",,
REVIEW,MG-MG05-S059,MG-MG06-S059,,"잠정 병합(역명 일치 ""부강"", 지역 MUGUNGHWA) — 좌표 정보가 한쪽 또는 양쪽에 없고 공식 환승 관계도 확인되지 않음 — 수동 검수 필요",,
REVIEW,MG-MG05-S059,MG-MG07-S059,,"잠정 병합(역명 일치 ""부강"", 지역 MUGUNGHWA) — 좌표 정보가 한쪽 또는 양쪽에 없고 공식 환승 관계도 확인되지 않음 — 수동 검수 필요",,
REVIEW,MG-MG05-S059,ITX-IS01-S059,,"잠정 병합(역명 일치 ""부강"", 지역 MUGUNGHWA) — 좌표 정보가 한쪽 또는 양쪽에 없고 공식 환승 관계도 확인되지 않음 — 수동 검수 필요",,
REVIEW,MG-MG05-S059,ITX-IS03-S059,,"잠정 병합(역명 일치 ""부강"", 지역 MUGUNGHWA) — 좌표 정보가 한쪽 또는 양쪽에 없고 공식 환승 관계도 확인되지 않음 — 수동 검수 필요",,
REVIEW,MG-MG06-S059,MG-MG07-S059,,"잠정 병합(역명 일치 ""부강"", 지역 MUGUNGHWA) — 좌표 정보가 한쪽 또는 양쪽에 없고 공식 환승 관계도 확인되지 않음 — 수동 검수 필요",,
REVIEW,MG-MG06-S059,ITX-IS01-S059,,"잠정 병합(역명 일치 ""부강"", 지역 MUGUNGHWA) — 좌표 정보가 한쪽 또는 양쪽에 없고 공식 환승 관계도 확인되지 않음 — 수동 검수 필요",,
REVIEW,MG-MG06-S059,ITX-IS03-S059,,"잠정 병합(역명 일치 ""부강"", 지역 MUGUNGHWA) — 좌표 정보가 한쪽 또는 양쪽에 없고 공식 환승 관계도 확인되지 않음 — 수동 검수 필요",,
REVIEW,MG-MG07-S059,ITX-IS01-S059,,"잠정 병합(역명 일치 ""부강"", 지역 MUGUNGHWA) — 좌표 정보가 한쪽 또는 양쪽에 없고 공식 환승 관계도 확인되지 않음 — 수동 검수 필요",,
REVIEW,MG-MG07-S059,ITX-IS03-S059,,"잠정 병합(역명 일치 ""부강"", 지역 MUGUNGHWA) — 좌표 정보가 한쪽 또는 양쪽에 없고 공식 환승 관계도 확인되지 않음 — 수동 검수 필요",,
REVIEW,ITX-IS01-S059,ITX-IS03-S059,,"잠정 병합(역명 일치 ""부강"", 지역 MUGUNGHWA) — 좌표 정보가 한쪽 또는 양쪽에 없고 공식 환승 관계도 확인되지 않음 — 수동 검수 필요",,
REVIEW,MG-MG01-S159,MG-MG03-S159,,"잠정 병합(역명 일치 ""조치원"", 지역 MUGUNGHWA) — 좌표 정보가 한쪽 또는 양쪽에 없고 공식 환승 관계도 확인되지 않음 — 수동 검수 필요",,
REVIEW,MG-MG01-S159,MG-MG05-S159,,"잠정 병합(역명 일치 ""조치원"", 지역 MUGUNGHWA) — 좌표 정보가 한쪽 또는 양쪽에 없고 공식 환승 관계도 확인되지 않음 — 수동 검수 필요",,
REVIEW,MG-MG01-S159,MG-MG06-S159,,"잠정 병합(역명 일치 ""조치원"", 지역 MUGUNGHWA) — 좌표 정보가 한쪽 또는 양쪽에 없고 공식 환승 관계도 확인되지 않음 — 수동 검수 필요",,
REVIEW,MG-MG01-S159,MG-MG07-S159,,"잠정 병합(역명 일치 ""조치원"", 지역 MUGUNGHWA) — 좌표 정보가 한쪽 또는 양쪽에 없고 공식 환승 관계도 확인되지 않음 — 수동 검수 필요",,
REVIEW,MG-MG01-S159,ITX-IS01-S159,,"잠정 병합(역명 일치 ""조치원"", 지역 MUGUNGHWA) — 좌표 정보가 한쪽 또는 양쪽에 없고 공식 환승 관계도 확인되지 않음 — 수동 검수 필요",,
REVIEW,MG-MG01-S159,ITX-IS02-S159,,"잠정 병합(역명 일치 ""조치원"", 지역 MUGUNGHWA) — 좌표 정보가 한쪽 또는 양쪽에 없고 공식 환승 관계도 확인되지 않음 — 수동 검수 필요",,
REVIEW,MG-MG01-S159,ITX-IS03-S159,,"잠정 병합(역명 일치 ""조치원"", 지역 MUGUNGHWA) — 좌표 정보가 한쪽 또는 양쪽에 없고 공식 환승 관계도 확인되지 않음 — 수동 검수 필요",,
REVIEW,MG-MG01-S159,ITX-IS04-S159,,"잠정 병합(역명 일치 ""조치원"", 지역 MUGUNGHWA) — 좌표 정보가 한쪽 또는 양쪽에 없고 공식 환승 관계도 확인되지 않음 — 수동 검수 필요",,
REVIEW,MG-MG01-S159,ITX-IS05-S159,,"잠정 병합(역명 일치 ""조치원"", 지역 MUGUNGHWA) — 좌표 정보가 한쪽 또는 양쪽에 없고 공식 환승 관계도 확인되지 않음 — 수동 검수 필요",,
REVIEW,MG-MG03-S159,MG-MG05-S159,,"잠정 병합(역명 일치 ""조치원"", 지역 MUGUNGHWA) — 좌표 정보가 한쪽 또는 양쪽에 없고 공식 환승 관계도 확인되지 않음 — 수동 검수 필요",,
REVIEW,MG-MG03-S159,MG-MG06-S159,,"잠정 병합(역명 일치 ""조치원"", 지역 MUGUNGHWA) — 좌표 정보가 한쪽 또는 양쪽에 없고 공식 환승 관계도 확인되지 않음 — 수동 검수 필요",,
REVIEW,MG-MG03-S159,MG-MG07-S159,,"잠정 병합(역명 일치 ""조치원"", 지역 MUGUNGHWA) — 좌표 정보가 한쪽 또는 양쪽에 없고 공식 환승 관계도 확인되지 않음 — 수동 검수 필요",,
REVIEW,MG-MG03-S159,ITX-IS01-S159,,"잠정 병합(역명 일치 ""조치원"", 지역 MUGUNGHWA) — 좌표 정보가 한쪽 또는 양쪽에 없고 공식 환승 관계도 확인되지 않음 — 수동 검수 필요",,
REVIEW,MG-MG03-S159,ITX-IS02-S159,,"잠정 병합(역명 일치 ""조치원"", 지역 MUGUNGHWA) — 좌표 정보가 한쪽 또는 양쪽에 없고 공식 환승 관계도 확인되지 않음 — 수동 검수 필요",,
REVIEW,MG-MG03-S159,ITX-IS03-S159,,"잠정 병합(역명 일치 ""조치원"", 지역 MUGUNGHWA) — 좌표 정보가 한쪽 또는 양쪽에 없고 공식 환승 관계도 확인되지 않음 — 수동 검수 필요",,
REVIEW,MG-MG03-S159,ITX-IS04-S159,,"잠정 병합(역명 일치 ""조치원"", 지역 MUGUNGHWA) — 좌표 정보가 한쪽 또는 양쪽에 없고 공식 환승 관계도 확인되지 않음 — 수동 검수 필요",,
REVIEW,MG-MG03-S159,ITX-IS05-S159,,"잠정 병합(역명 일치 ""조치원"", 지역 MUGUNGHWA) — 좌표 정보가 한쪽 또는 양쪽에 없고 공식 환승 관계도 확인되지 않음 — 수동 검수 필요",,
REVIEW,MG-MG05-S159,MG-MG06-S159,,"잠정 병합(역명 일치 ""조치원"", 지역 MUGUNGHWA) — 좌표 정보가 한쪽 또는 양쪽에 없고 공식 환승 관계도 확인되지 않음 — 수동 검수 필요",,
REVIEW,MG-MG05-S159,MG-MG07-S159,,"잠정 병합(역명 일치 ""조치원"", 지역 MUGUNGHWA) — 좌표 정보가 한쪽 또는 양쪽에 없고 공식 환승 관계도 확인되지 않음 — 수동 검수 필요",,
REVIEW,MG-MG05-S159,ITX-IS01-S159,,"잠정 병합(역명 일치 ""조치원"", 지역 MUGUNGHWA) — 좌표 정보가 한쪽 또는 양쪽에 없고 공식 환승 관계도 확인되지 않음 — 수동 검수 필요",,
REVIEW,MG-MG05-S159,ITX-IS02-S159,,"잠정 병합(역명 일치 ""조치원"", 지역 MUGUNGHWA) — 좌표 정보가 한쪽 또는 양쪽에 없고 공식 환승 관계도 확인되지 않음 — 수동 검수 필요",,
REVIEW,MG-MG05-S159,ITX-IS03-S159,,"잠정 병합(역명 일치 ""조치원"", 지역 MUGUNGHWA) — 좌표 정보가 한쪽 또는 양쪽에 없고 공식 환승 관계도 확인되지 않음 — 수동 검수 필요",,
REVIEW,MG-MG05-S159,ITX-IS04-S159,,"잠정 병합(역명 일치 ""조치원"", 지역 MUGUNGHWA) — 좌표 정보가 한쪽 또는 양쪽에 없고 공식 환승 관계도 확인되지 않음 — 수동 검수 필요",,
REVIEW,MG-MG05-S159,ITX-IS05-S159,,"잠정 병합(역명 일치 ""조치원"", 지역 MUGUNGHWA) — 좌표 정보가 한쪽 또는 양쪽에 없고 공식 환승 관계도 확인되지 않음 — 수동 검수 필요",,
REVIEW,MG-MG06-S159,MG-MG07-S159,,"잠정 병합(역명 일치 ""조치원"", 지역 MUGUNGHWA) — 좌표 정보가 한쪽 또는 양쪽에 없고 공식 환승 관계도 확인되지 않음 — 수동 검수 필요",,
REVIEW,MG-MG06-S159,ITX-IS01-S159,,"잠정 병합(역명 일치 ""조치원"", 지역 MUGUNGHWA) — 좌표 정보가 한쪽 또는 양쪽에 없고 공식 환승 관계도 확인되지 않음 — 수동 검수 필요",,
REVIEW,MG-MG06-S159,ITX-IS02-S159,,"잠정 병합(역명 일치 ""조치원"", 지역 MUGUNGHWA) — 좌표 정보가 한쪽 또는 양쪽에 없고 공식 환승 관계도 확인되지 않음 — 수동 검수 필요",,
REVIEW,MG-MG06-S159,ITX-IS03-S159,,"잠정 병합(역명 일치 ""조치원"", 지역 MUGUNGHWA) — 좌표 정보가 한쪽 또는 양쪽에 없고 공식 환승 관계도 확인되지 않음 — 수동 검수 필요",,
REVIEW,MG-MG06-S159,ITX-IS04-S159,,"잠정 병합(역명 일치 ""조치원"", 지역 MUGUNGHWA) — 좌표 정보가 한쪽 또는 양쪽에 없고 공식 환승 관계도 확인되지 않음 — 수동 검수 필요",,
REVIEW,MG-MG06-S159,ITX-IS05-S159,,"잠정 병합(역명 일치 ""조치원"", 지역 MUGUNGHWA) — 좌표 정보가 한쪽 또는 양쪽에 없고 공식 환승 관계도 확인되지 않음 — 수동 검수 필요",,
REVIEW,MG-MG07-S159,ITX-IS01-S159,,"잠정 병합(역명 일치 ""조치원"", 지역 MUGUNGHWA) — 좌표 정보가 한쪽 또는 양쪽에 없고 공식 환승 관계도 확인되지 않음 — 수동 검수 필요",,
REVIEW,MG-MG07-S159,ITX-IS02-S159,,"잠정 병합(역명 일치 ""조치원"", 지역 MUGUNGHWA) — 좌표 정보가 한쪽 또는 양쪽에 없고 공식 환승 관계도 확인되지 않음 — 수동 검수 필요",,
REVIEW,MG-MG07-S159,ITX-IS03-S159,,"잠정 병합(역명 일치 ""조치원"", 지역 MUGUNGHWA) — 좌표 정보가 한쪽 또는 양쪽에 없고 공식 환승 관계도 확인되지 않음 — 수동 검수 필요",,
REVIEW,MG-MG07-S159,ITX-IS04-S159,,"잠정 병합(역명 일치 ""조치원"", 지역 MUGUNGHWA) — 좌표 정보가 한쪽 또는 양쪽에 없고 공식 환승 관계도 확인되지 않음 — 수동 검수 필요",,
REVIEW,MG-MG07-S159,ITX-IS05-S159,,"잠정 병합(역명 일치 ""조치원"", 지역 MUGUNGHWA) — 좌표 정보가 한쪽 또는 양쪽에 없고 공식 환승 관계도 확인되지 않음 — 수동 검수 필요",,
REVIEW,ITX-IS01-S159,ITX-IS02-S159,,"잠정 병합(역명 일치 ""조치원"", 지역 MUGUNGHWA) — 좌표 정보가 한쪽 또는 양쪽에 없고 공식 환승 관계도 확인되지 않음 — 수동 검수 필요",,
REVIEW,ITX-IS01-S159,ITX-IS03-S159,,"잠정 병합(역명 일치 ""조치원"", 지역 MUGUNGHWA) — 좌표 정보가 한쪽 또는 양쪽에 없고 공식 환승 관계도 확인되지 않음 — 수동 검수 필요",,
REVIEW,ITX-IS01-S159,ITX-IS04-S159,,"잠정 병합(역명 일치 ""조치원"", 지역 MUGUNGHWA) — 좌표 정보가 한쪽 또는 양쪽에 없고 공식 환승 관계도 확인되지 않음 — 수동 검수 필요",,
REVIEW,ITX-IS01-S159,ITX-IS05-S159,,"잠정 병합(역명 일치 ""조치원"", 지역 MUGUNGHWA) — 좌표 정보가 한쪽 또는 양쪽에 없고 공식 환승 관계도 확인되지 않음 — 수동 검수 필요",,
REVIEW,ITX-IS02-S159,ITX-IS03-S159,,"잠정 병합(역명 일치 ""조치원"", 지역 MUGUNGHWA) — 좌표 정보가 한쪽 또는 양쪽에 없고 공식 환승 관계도 확인되지 않음 — 수동 검수 필요",,
REVIEW,ITX-IS02-S159,ITX-IS04-S159,,"잠정 병합(역명 일치 ""조치원"", 지역 MUGUNGHWA) — 좌표 정보가 한쪽 또는 양쪽에 없고 공식 환승 관계도 확인되지 않음 — 수동 검수 필요",,
REVIEW,ITX-IS02-S159,ITX-IS05-S159,,"잠정 병합(역명 일치 ""조치원"", 지역 MUGUNGHWA) — 좌표 정보가 한쪽 또는 양쪽에 없고 공식 환승 관계도 확인되지 않음 — 수동 검수 필요",,
REVIEW,ITX-IS03-S159,ITX-IS04-S159,,"잠정 병합(역명 일치 ""조치원"", 지역 MUGUNGHWA) — 좌표 정보가 한쪽 또는 양쪽에 없고 공식 환승 관계도 확인되지 않음 — 수동 검수 필요",,
REVIEW,ITX-IS03-S159,ITX-IS05-S159,,"잠정 병합(역명 일치 ""조치원"", 지역 MUGUNGHWA) — 좌표 정보가 한쪽 또는 양쪽에 없고 공식 환승 관계도 확인되지 않음 — 수동 검수 필요",,
REVIEW,ITX-IS04-S159,ITX-IS05-S159,,"잠정 병합(역명 일치 ""조치원"", 지역 MUGUNGHWA) — 좌표 정보가 한쪽 또는 양쪽에 없고 공식 환승 관계도 확인되지 않음 — 수동 검수 필요",,
REVIEW,MG-MG01-S177,MG-MG20-S177,,"잠정 병합(역명 일치 ""청주"", 지역 MUGUNGHWA) — 좌표 정보가 한쪽 또는 양쪽에 없고 공식 환승 관계도 확인되지 않음 — 수동 검수 필요",,
REVIEW,MG-MG01-S120,MG-MG20-S120,,"잠정 병합(역명 일치 ""오근장"", 지역 MUGUNGHWA) — 좌표 정보가 한쪽 또는 양쪽에 없고 공식 환승 관계도 확인되지 않음 — 수동 검수 필요",,
REVIEW,MG-MG01-S178,MG-MG20-S178,,"잠정 병합(역명 일치 ""청주공항"", 지역 MUGUNGHWA) — 좌표 정보가 한쪽 또는 양쪽에 없고 공식 환승 관계도 확인되지 않음 — 수동 검수 필요",,
REVIEW,MG-MG01-S162,MG-MG20-S162,,"잠정 병합(역명 일치 ""증평"", 지역 MUGUNGHWA) — 좌표 정보가 한쪽 또는 양쪽에 없고 공식 환승 관계도 확인되지 않음 — 수동 검수 필요",,
REVIEW,MG-MG01-S136,MG-MG20-S136,,"잠정 병합(역명 일치 ""음성"", 지역 MUGUNGHWA) — 좌표 정보가 한쪽 또는 양쪽에 없고 공식 환승 관계도 확인되지 않음 — 수동 검수 필요",,
REVIEW,MG-MG01-S160,MG-MG20-S160,,"잠정 병합(역명 일치 ""주덕"", 지역 MUGUNGHWA) — 좌표 정보가 한쪽 또는 양쪽에 없고 공식 환승 관계도 확인되지 않음 — 수동 검수 필요",,
REVIEW,MG-MG01-S070,MG-MG20-S070,,"잠정 병합(역명 일치 ""삼탄"", 지역 MUGUNGHWA) — 좌표 정보가 한쪽 또는 양쪽에 없고 공식 환승 관계도 확인되지 않음 — 수동 검수 필요",,
REVIEW,MG-MG01-S057,MG-MG09-S057,,"잠정 병합(역명 일치 ""봉양"", 지역 MUGUNGHWA) — 좌표 정보가 한쪽 또는 양쪽에 없고 공식 환승 관계도 확인되지 않음 — 수동 검수 필요",,
REVIEW,MG-MG01-S057,MG-MG10-S057,,"잠정 병합(역명 일치 ""봉양"", 지역 MUGUNGHWA) — 좌표 정보가 한쪽 또는 양쪽에 없고 공식 환승 관계도 확인되지 않음 — 수동 검수 필요",,
REVIEW,MG-MG01-S057,MG-MG20-S057,,"잠정 병합(역명 일치 ""봉양"", 지역 MUGUNGHWA) — 좌표 정보가 한쪽 또는 양쪽에 없고 공식 환승 관계도 확인되지 않음 — 수동 검수 필요",,
REVIEW,MG-MG09-S057,MG-MG10-S057,,"잠정 병합(역명 일치 ""봉양"", 지역 MUGUNGHWA) — 좌표 정보가 한쪽 또는 양쪽에 없고 공식 환승 관계도 확인되지 않음 — 수동 검수 필요",,
REVIEW,MG-MG09-S057,MG-MG20-S057,,"잠정 병합(역명 일치 ""봉양"", 지역 MUGUNGHWA) — 좌표 정보가 한쪽 또는 양쪽에 없고 공식 환승 관계도 확인되지 않음 — 수동 검수 필요",,
REVIEW,MG-MG10-S057,MG-MG20-S057,,"잠정 병합(역명 일치 ""봉양"", 지역 MUGUNGHWA) — 좌표 정보가 한쪽 또는 양쪽에 없고 공식 환승 관계도 확인되지 않음 — 수동 검수 필요",,
REVIEW,MG-MG03-S153,MG-MG05-S153,,"잠정 병합(역명 일치 ""전의"", 지역 MUGUNGHWA) — 좌표 정보가 한쪽 또는 양쪽에 없고 공식 환승 관계도 확인되지 않음 — 수동 검수 필요",,
REVIEW,MG-MG03-S153,MG-MG06-S153,,"잠정 병합(역명 일치 ""전의"", 지역 MUGUNGHWA) — 좌표 정보가 한쪽 또는 양쪽에 없고 공식 환승 관계도 확인되지 않음 — 수동 검수 필요",,
REVIEW,MG-MG03-S153,MG-MG07-S153,,"잠정 병합(역명 일치 ""전의"", 지역 MUGUNGHWA) — 좌표 정보가 한쪽 또는 양쪽에 없고 공식 환승 관계도 확인되지 않음 — 수동 검수 필요",,
REVIEW,MG-MG03-S153,MG-MG20-S153,,"잠정 병합(역명 일치 ""전의"", 지역 MUGUNGHWA) — 좌표 정보가 한쪽 또는 양쪽에 없고 공식 환승 관계도 확인되지 않음 — 수동 검수 필요",,
REVIEW,MG-MG05-S153,MG-MG06-S153,,"잠정 병합(역명 일치 ""전의"", 지역 MUGUNGHWA) — 좌표 정보가 한쪽 또는 양쪽에 없고 공식 환승 관계도 확인되지 않음 — 수동 검수 필요",,
REVIEW,MG-MG05-S153,MG-MG07-S153,,"잠정 병합(역명 일치 ""전의"", 지역 MUGUNGHWA) — 좌표 정보가 한쪽 또는 양쪽에 없고 공식 환승 관계도 확인되지 않음 — 수동 검수 필요",,
REVIEW,MG-MG05-S153,MG-MG20-S153,,"잠정 병합(역명 일치 ""전의"", 지역 MUGUNGHWA) — 좌표 정보가 한쪽 또는 양쪽에 없고 공식 환승 관계도 확인되지 않음 — 수동 검수 필요",,
REVIEW,MG-MG06-S153,MG-MG07-S153,,"잠정 병합(역명 일치 ""전의"", 지역 MUGUNGHWA) — 좌표 정보가 한쪽 또는 양쪽에 없고 공식 환승 관계도 확인되지 않음 — 수동 검수 필요",,
REVIEW,MG-MG06-S153,MG-MG20-S153,,"잠정 병합(역명 일치 ""전의"", 지역 MUGUNGHWA) — 좌표 정보가 한쪽 또는 양쪽에 없고 공식 환승 관계도 확인되지 않음 — 수동 검수 필요",,
REVIEW,MG-MG07-S153,MG-MG20-S153,,"잠정 병합(역명 일치 ""전의"", 지역 MUGUNGHWA) — 좌표 정보가 한쪽 또는 양쪽에 없고 공식 환승 관계도 확인되지 않음 — 수동 검수 필요",,
REVIEW,MG-MG03-S025,MG-MG15-S025,,"잠정 병합(역명 일치 ""남성현"", 지역 MUGUNGHWA) — 좌표 정보가 한쪽 또는 양쪽에 없고 공식 환승 관계도 확인되지 않음 — 수동 검수 필요",,
REVIEW,MG-MG03-S173,MG-MG15-S173,,"잠정 병합(역명 일치 ""청도"", 지역 MUGUNGHWA) — 좌표 정보가 한쪽 또는 양쪽에 없고 공식 환승 관계도 확인되지 않음 — 수동 검수 필요",,
REVIEW,MG-MG03-S173,ITX-IS01-S173,,"잠정 병합(역명 일치 ""청도"", 지역 MUGUNGHWA) — 좌표 정보가 한쪽 또는 양쪽에 없고 공식 환승 관계도 확인되지 않음 — 수동 검수 필요",,
REVIEW,MG-MG03-S173,ITX-IS02-S173,,"잠정 병합(역명 일치 ""청도"", 지역 MUGUNGHWA) — 좌표 정보가 한쪽 또는 양쪽에 없고 공식 환승 관계도 확인되지 않음 — 수동 검수 필요",,
REVIEW,MG-MG15-S173,ITX-IS01-S173,,"잠정 병합(역명 일치 ""청도"", 지역 MUGUNGHWA) — 좌표 정보가 한쪽 또는 양쪽에 없고 공식 환승 관계도 확인되지 않음 — 수동 검수 필요",,
REVIEW,MG-MG15-S173,ITX-IS02-S173,,"잠정 병합(역명 일치 ""청도"", 지역 MUGUNGHWA) — 좌표 정보가 한쪽 또는 양쪽에 없고 공식 환승 관계도 확인되지 않음 — 수동 검수 필요",,
REVIEW,ITX-IS01-S173,ITX-IS02-S173,,"잠정 병합(역명 일치 ""청도"", 지역 MUGUNGHWA) — 좌표 정보가 한쪽 또는 양쪽에 없고 공식 환승 관계도 확인되지 않음 — 수동 검수 필요",,
REVIEW,MG-MG03-S067,MG-MG16-S067,,"잠정 병합(역명 일치 ""삼랑진"", 지역 MUGUNGHWA) — 좌표 정보가 한쪽 또는 양쪽에 없고 공식 환승 관계도 확인되지 않음 — 수동 검수 필요",,
REVIEW,MG-MG03-S067,ITX-IS01-S067,,"잠정 병합(역명 일치 ""삼랑진"", 지역 MUGUNGHWA) — 좌표 정보가 한쪽 또는 양쪽에 없고 공식 환승 관계도 확인되지 않음 — 수동 검수 필요",,
REVIEW,MG-MG16-S067,ITX-IS01-S067,,"잠정 병합(역명 일치 ""삼랑진"", 지역 MUGUNGHWA) — 좌표 정보가 한쪽 또는 양쪽에 없고 공식 환승 관계도 확인되지 않음 — 수동 검수 필요",,
REVIEW,MG-MG03-S133,MG-MG16-S133,,"잠정 병합(역명 일치 ""원동"", 지역 MUGUNGHWA) — 좌표 정보가 한쪽 또는 양쪽에 없고 공식 환승 관계도 확인되지 않음 — 수동 검수 필요",,
REVIEW,MG-MG05-S002,MG-MG06-S002,,"잠정 병합(역명 일치 ""강경"", 지역 MUGUNGHWA) — 좌표 정보가 한쪽 또는 양쪽에 없고 공식 환승 관계도 확인되지 않음 — 수동 검수 필요",,
REVIEW,MG-MG05-S002,MG-MG07-S002,,"잠정 병합(역명 일치 ""강경"", 지역 MUGUNGHWA) — 좌표 정보가 한쪽 또는 양쪽에 없고 공식 환승 관계도 확인되지 않음 — 수동 검수 필요",,
REVIEW,MG-MG05-S002,ITX-IS03-S002,,"잠정 병합(역명 일치 ""강경"", 지역 MUGUNGHWA) — 좌표 정보가 한쪽 또는 양쪽에 없고 공식 환승 관계도 확인되지 않음 — 수동 검수 필요",,
REVIEW,MG-MG05-S002,ITX-IS04-S002,,"잠정 병합(역명 일치 ""강경"", 지역 MUGUNGHWA) — 좌표 정보가 한쪽 또는 양쪽에 없고 공식 환승 관계도 확인되지 않음 — 수동 검수 필요",,
REVIEW,MG-MG05-S002,ITX-IS05-S002,,"잠정 병합(역명 일치 ""강경"", 지역 MUGUNGHWA) — 좌표 정보가 한쪽 또는 양쪽에 없고 공식 환승 관계도 확인되지 않음 — 수동 검수 필요",,
REVIEW,MG-MG06-S002,MG-MG07-S002,,"잠정 병합(역명 일치 ""강경"", 지역 MUGUNGHWA) — 좌표 정보가 한쪽 또는 양쪽에 없고 공식 환승 관계도 확인되지 않음 — 수동 검수 필요",,
REVIEW,MG-MG06-S002,ITX-IS03-S002,,"잠정 병합(역명 일치 ""강경"", 지역 MUGUNGHWA) — 좌표 정보가 한쪽 또는 양쪽에 없고 공식 환승 관계도 확인되지 않음 — 수동 검수 필요",,
REVIEW,MG-MG06-S002,ITX-IS04-S002,,"잠정 병합(역명 일치 ""강경"", 지역 MUGUNGHWA) — 좌표 정보가 한쪽 또는 양쪽에 없고 공식 환승 관계도 확인되지 않음 — 수동 검수 필요",,
REVIEW,MG-MG06-S002,ITX-IS05-S002,,"잠정 병합(역명 일치 ""강경"", 지역 MUGUNGHWA) — 좌표 정보가 한쪽 또는 양쪽에 없고 공식 환승 관계도 확인되지 않음 — 수동 검수 필요",,
REVIEW,MG-MG07-S002,ITX-IS03-S002,,"잠정 병합(역명 일치 ""강경"", 지역 MUGUNGHWA) — 좌표 정보가 한쪽 또는 양쪽에 없고 공식 환승 관계도 확인되지 않음 — 수동 검수 필요",,
REVIEW,MG-MG07-S002,ITX-IS04-S002,,"잠정 병합(역명 일치 ""강경"", 지역 MUGUNGHWA) — 좌표 정보가 한쪽 또는 양쪽에 없고 공식 환승 관계도 확인되지 않음 — 수동 검수 필요",,
REVIEW,MG-MG07-S002,ITX-IS05-S002,,"잠정 병합(역명 일치 ""강경"", 지역 MUGUNGHWA) — 좌표 정보가 한쪽 또는 양쪽에 없고 공식 환승 관계도 확인되지 않음 — 수동 검수 필요",,
REVIEW,ITX-IS03-S002,ITX-IS04-S002,,"잠정 병합(역명 일치 ""강경"", 지역 MUGUNGHWA) — 좌표 정보가 한쪽 또는 양쪽에 없고 공식 환승 관계도 확인되지 않음 — 수동 검수 필요",,
REVIEW,ITX-IS03-S002,ITX-IS05-S002,,"잠정 병합(역명 일치 ""강경"", 지역 MUGUNGHWA) — 좌표 정보가 한쪽 또는 양쪽에 없고 공식 환승 관계도 확인되지 않음 — 수동 검수 필요",,
REVIEW,ITX-IS04-S002,ITX-IS05-S002,,"잠정 병합(역명 일치 ""강경"", 지역 MUGUNGHWA) — 좌표 정보가 한쪽 또는 양쪽에 없고 공식 환승 관계도 확인되지 않음 — 수동 검수 필요",,
REVIEW,MG-MG05-S192,MG-MG06-S192,,"잠정 병합(역명 일치 ""함열"", 지역 MUGUNGHWA) — 좌표 정보가 한쪽 또는 양쪽에 없고 공식 환승 관계도 확인되지 않음 — 수동 검수 필요",,
REVIEW,MG-MG05-S192,MG-MG07-S192,,"잠정 병합(역명 일치 ""함열"", 지역 MUGUNGHWA) — 좌표 정보가 한쪽 또는 양쪽에 없고 공식 환승 관계도 확인되지 않음 — 수동 검수 필요",,
REVIEW,MG-MG06-S192,MG-MG07-S192,,"잠정 병합(역명 일치 ""함열"", 지역 MUGUNGHWA) — 좌표 정보가 한쪽 또는 양쪽에 없고 공식 환승 관계도 확인되지 않음 — 수동 검수 필요",,
REVIEW,MG-MG05-S068,ITX-IS05-S068,,"잠정 병합(역명 일치 ""삼례"", 지역 MUGUNGHWA) — 좌표 정보가 한쪽 또는 양쪽에 없고 공식 환승 관계도 확인되지 않음 — 수동 검수 필요",,
REVIEW,MG-MG05-S147,ITX-IS05-S147,,"잠정 병합(역명 일치 ""임실"", 지역 MUGUNGHWA) — 좌표 정보가 한쪽 또는 양쪽에 없고 공식 환승 관계도 확인되지 않음 — 수동 검수 필요",,
REVIEW,MG-MG05-S123,ITX-IS05-S123,,"잠정 병합(역명 일치 ""오수"", 지역 MUGUNGHWA) — 좌표 정보가 한쪽 또는 양쪽에 없고 공식 환승 관계도 확인되지 않음 — 수동 검수 필요",,
REVIEW,MG-MG06-S094,MG-MG07-S094,,"잠정 병합(역명 일치 ""신태인"", 지역 MUGUNGHWA) — 좌표 정보가 한쪽 또는 양쪽에 없고 공식 환승 관계도 확인되지 않음 — 수동 검수 필요",,
REVIEW,MG-MG06-S094,ITX-IS03-S094,,"잠정 병합(역명 일치 ""신태인"", 지역 MUGUNGHWA) — 좌표 정보가 한쪽 또는 양쪽에 없고 공식 환승 관계도 확인되지 않음 — 수동 검수 필요",,
REVIEW,MG-MG06-S094,ITX-IS04-S094,,"잠정 병합(역명 일치 ""신태인"", 지역 MUGUNGHWA) — 좌표 정보가 한쪽 또는 양쪽에 없고 공식 환승 관계도 확인되지 않음 — 수동 검수 필요",,
REVIEW,MG-MG07-S094,ITX-IS03-S094,,"잠정 병합(역명 일치 ""신태인"", 지역 MUGUNGHWA) — 좌표 정보가 한쪽 또는 양쪽에 없고 공식 환승 관계도 확인되지 않음 — 수동 검수 필요",,
REVIEW,MG-MG07-S094,ITX-IS04-S094,,"잠정 병합(역명 일치 ""신태인"", 지역 MUGUNGHWA) — 좌표 정보가 한쪽 또는 양쪽에 없고 공식 환승 관계도 확인되지 않음 — 수동 검수 필요",,
REVIEW,ITX-IS03-S094,ITX-IS04-S094,,"잠정 병합(역명 일치 ""신태인"", 지역 MUGUNGHWA) — 좌표 정보가 한쪽 또는 양쪽에 없고 공식 환승 관계도 확인되지 않음 — 수동 검수 필요",,
REVIEW,MG-MG06-S054,MG-MG07-S054,,"잠정 병합(역명 일치 ""백양사"", 지역 MUGUNGHWA) — 좌표 정보가 한쪽 또는 양쪽에 없고 공식 환승 관계도 확인되지 않음 — 수동 검수 필요",,
REVIEW,MG-MG06-S054,ITX-IS03-S054,,"잠정 병합(역명 일치 ""백양사"", 지역 MUGUNGHWA) — 좌표 정보가 한쪽 또는 양쪽에 없고 공식 환승 관계도 확인되지 않음 — 수동 검수 필요",,
REVIEW,MG-MG06-S054,ITX-IS04-S054,,"잠정 병합(역명 일치 ""백양사"", 지역 MUGUNGHWA) — 좌표 정보가 한쪽 또는 양쪽에 없고 공식 환승 관계도 확인되지 않음 — 수동 검수 필요",,
REVIEW,MG-MG07-S054,ITX-IS03-S054,,"잠정 병합(역명 일치 ""백양사"", 지역 MUGUNGHWA) — 좌표 정보가 한쪽 또는 양쪽에 없고 공식 환승 관계도 확인되지 않음 — 수동 검수 필요",,
REVIEW,MG-MG07-S054,ITX-IS04-S054,,"잠정 병합(역명 일치 ""백양사"", 지역 MUGUNGHWA) — 좌표 정보가 한쪽 또는 양쪽에 없고 공식 환승 관계도 확인되지 않음 — 수동 검수 필요",,
REVIEW,ITX-IS03-S054,ITX-IS04-S054,,"잠정 병합(역명 일치 ""백양사"", 지역 MUGUNGHWA) — 좌표 정보가 한쪽 또는 양쪽에 없고 공식 환승 관계도 확인되지 않음 — 수동 검수 필요",,
REVIEW,MG-MG06-S020,MG-MG08-S020,,"잠정 병합(역명 일치 ""극락강"", 지역 MUGUNGHWA) — 좌표 정보가 한쪽 또는 양쪽에 없고 공식 환승 관계도 확인되지 않음 — 수동 검수 필요",,
REVIEW,MG-MG06-S020,ITX-IS04-S020,,"잠정 병합(역명 일치 ""극락강"", 지역 MUGUNGHWA) — 좌표 정보가 한쪽 또는 양쪽에 없고 공식 환승 관계도 확인되지 않음 — 수동 검수 필요",,
REVIEW,MG-MG08-S020,ITX-IS04-S020,,"잠정 병합(역명 일치 ""극락강"", 지역 MUGUNGHWA) — 좌표 정보가 한쪽 또는 양쪽에 없고 공식 환승 관계도 확인되지 않음 — 수동 검수 필요",,
REVIEW,MG-MG06-S011,MG-MG08-S011,,"잠정 병합(역명 일치 ""광주"", 지역 MUGUNGHWA) — 좌표 정보가 한쪽 또는 양쪽에 없고 공식 환승 관계도 확인되지 않음 — 수동 검수 필요",,
REVIEW,MG-MG06-S011,ITX-IS04-S011,,"잠정 병합(역명 일치 ""광주"", 지역 MUGUNGHWA) — 좌표 정보가 한쪽 또는 양쪽에 없고 공식 환승 관계도 확인되지 않음 — 수동 검수 필요",,
REVIEW,MG-MG08-S011,ITX-IS04-S011,,"잠정 병합(역명 일치 ""광주"", 지역 MUGUNGHWA) — 좌표 정보가 한쪽 또는 양쪽에 없고 공식 환승 관계도 확인되지 않음 — 수동 검수 필요",,
REVIEW,MG-MG07-S030,MG-MG08-S030,,"잠정 병합(역명 일치 ""다시"", 지역 MUGUNGHWA) — 좌표 정보가 한쪽 또는 양쪽에 없고 공식 환승 관계도 확인되지 않음 — 수동 검수 필요",,
REVIEW,MG-MG07-S194,MG-MG08-S194,,"잠정 병합(역명 일치 ""함평"", 지역 MUGUNGHWA) — 좌표 정보가 한쪽 또는 양쪽에 없고 공식 환승 관계도 확인되지 않음 — 수동 검수 필요",,
REVIEW,MG-MG07-S194,ITX-IS03-S194,,"잠정 병합(역명 일치 ""함평"", 지역 MUGUNGHWA) — 좌표 정보가 한쪽 또는 양쪽에 없고 공식 환승 관계도 확인되지 않음 — 수동 검수 필요",,
REVIEW,MG-MG08-S194,ITX-IS03-S194,,"잠정 병합(역명 일치 ""함평"", 지역 MUGUNGHWA) — 좌표 정보가 한쪽 또는 양쪽에 없고 공식 환승 관계도 확인되지 않음 — 수동 검수 필요",,
REVIEW,MG-MG07-S049,MG-MG08-S049,,"잠정 병합(역명 일치 ""무안"", 지역 MUGUNGHWA) — 좌표 정보가 한쪽 또는 양쪽에 없고 공식 환승 관계도 확인되지 않음 — 수동 검수 필요",,
REVIEW,MG-MG07-S049,ITX-IS03-S049,,"잠정 병합(역명 일치 ""무안"", 지역 MUGUNGHWA) — 좌표 정보가 한쪽 또는 양쪽에 없고 공식 환승 관계도 확인되지 않음 — 수동 검수 필요",,
REVIEW,MG-MG08-S049,ITX-IS03-S049,,"잠정 병합(역명 일치 ""무안"", 지역 MUGUNGHWA) — 좌표 정보가 한쪽 또는 양쪽에 없고 공식 환승 관계도 확인되지 않음 — 수동 검수 필요",,
REVIEW,MG-MG07-S048,MG-MG08-S048,,"잠정 병합(역명 일치 ""몽탄"", 지역 MUGUNGHWA) — 좌표 정보가 한쪽 또는 양쪽에 없고 공식 환승 관계도 확인되지 않음 — 수동 검수 필요",,
REVIEW,MG-MG07-S048,ITX-IS03-S048,,"잠정 병합(역명 일치 ""몽탄"", 지역 MUGUNGHWA) — 좌표 정보가 한쪽 또는 양쪽에 없고 공식 환승 관계도 확인되지 않음 — 수동 검수 필요",,
REVIEW,MG-MG08-S048,ITX-IS03-S048,,"잠정 병합(역명 일치 ""몽탄"", 지역 MUGUNGHWA) — 좌표 정보가 한쪽 또는 양쪽에 없고 공식 환승 관계도 확인되지 않음 — 수동 검수 필요",,
REVIEW,MG-MG07-S142,MG-MG08-S142,,"잠정 병합(역명 일치 ""일로"", 지역 MUGUNGHWA) — 좌표 정보가 한쪽 또는 양쪽에 없고 공식 환승 관계도 확인되지 않음 — 수동 검수 필요",,
REVIEW,MG-MG07-S142,ITX-IS03-S142,,"잠정 병합(역명 일치 ""일로"", 지역 MUGUNGHWA) — 좌표 정보가 한쪽 또는 양쪽에 없고 공식 환승 관계도 확인되지 않음 — 수동 검수 필요",,
REVIEW,MG-MG08-S142,ITX-IS03-S142,,"잠정 병합(역명 일치 ""일로"", 지역 MUGUNGHWA) — 좌표 정보가 한쪽 또는 양쪽에 없고 공식 환승 관계도 확인되지 않음 — 수동 검수 필요",,
REVIEW,MG-MG07-S146,MG-MG08-S146,,"잠정 병합(역명 일치 ""임성리"", 지역 MUGUNGHWA) — 좌표 정보가 한쪽 또는 양쪽에 없고 공식 환승 관계도 확인되지 않음 — 수동 검수 필요",,
REVIEW,MG-MG07-S146,MG-MG16-S146,,"잠정 병합(역명 일치 ""임성리"", 지역 MUGUNGHWA) — 좌표 정보가 한쪽 또는 양쪽에 없고 공식 환승 관계도 확인되지 않음 — 수동 검수 필요",,
REVIEW,MG-MG08-S146,MG-MG16-S146,,"잠정 병합(역명 일치 ""임성리"", 지역 MUGUNGHWA) — 좌표 정보가 한쪽 또는 양쪽에 없고 공식 환승 관계도 확인되지 않음 — 수동 검수 필요",,
REVIEW,MG-MG09-S081,MG-MG10-S081,,"잠정 병합(역명 일치 ""석불"", 지역 MUGUNGHWA) — 좌표 정보가 한쪽 또는 양쪽에 없고 공식 환승 관계도 확인되지 않음 — 수동 검수 필요",,
REVIEW,MG-MG09-S143,MG-MG10-S143,,"잠정 병합(역명 일치 ""일신"", 지역 MUGUNGHWA) — 좌표 정보가 한쪽 또는 양쪽에 없고 공식 환승 관계도 확인되지 않음 — 수동 검수 필요",,
REVIEW,MG-MG09-S045,MG-MG10-S045,,"잠정 병합(역명 일치 ""매곡"", 지역 MUGUNGHWA) — 좌표 정보가 한쪽 또는 양쪽에 없고 공식 환승 관계도 확인되지 않음 — 수동 검수 필요",,
REVIEW,MG-MG09-S104,MG-MG10-S104,,"잠정 병합(역명 일치 ""양동"", 지역 MUGUNGHWA) — 좌표 정보가 한쪽 또는 양쪽에 없고 공식 환승 관계도 확인되지 않음 — 수동 검수 필요",,
REVIEW,MG-MG09-S069,MG-MG10-S069,,"잠정 병합(역명 일치 ""삼산"", 지역 MUGUNGHWA) — 좌표 정보가 한쪽 또는 양쪽에 없고 공식 환승 관계도 확인되지 않음 — 수동 검수 필요",,
REVIEW,MG-MG10-S041,MG-MG11-S041,,"잠정 병합(역명 일치 ""동백산"", 지역 MUGUNGHWA) — 좌표 정보가 한쪽 또는 양쪽에 없고 공식 환승 관계도 확인되지 않음 — 수동 검수 필요",,
REVIEW,MG-MG10-S038,MG-MG11-S038,,"잠정 병합(역명 일치 ""도계"", 지역 MUGUNGHWA) — 좌표 정보가 한쪽 또는 양쪽에 없고 공식 환승 관계도 확인되지 않음 — 수동 검수 필요",,
REVIEW,MG-MG13-S074,MG-MG14-S074,,"잠정 병합(역명 일치 ""서경주"", 지역 MUGUNGHWA) — 좌표 정보가 한쪽 또는 양쪽에 없고 공식 환승 관계도 확인되지 않음 — 수동 검수 필요",,
REVIEW,MG-MG13-S100,MG-MG14-S100,,"잠정 병합(역명 일치 ""안강"", 지역 MUGUNGHWA) — 좌표 정보가 한쪽 또는 양쪽에 없고 공식 환승 관계도 확인되지 않음 — 수동 검수 필요",,
REVIEW,MG-MG15-S190,MG-MG16-S190,,"잠정 병합(역명 일치 ""한림정"", 지역 MUGUNGHWA) — 좌표 정보가 한쪽 또는 양쪽에 없고 공식 환승 관계도 확인되지 않음 — 수동 검수 필요",,
REVIEW,MG-MG15-S165,MG-MG16-S165,,"잠정 병합(역명 일치 ""진례"", 지역 MUGUNGHWA) — 좌표 정보가 한쪽 또는 양쪽에 없고 공식 환승 관계도 확인되지 않음 — 수동 검수 필요",,
REVIEW,MG-MG15-S161,MG-MG16-S161,,"잠정 병합(역명 일치 ""중리"", 지역 MUGUNGHWA) — 좌표 정보가 한쪽 또는 양쪽에 없고 공식 환승 관계도 확인되지 않음 — 수동 검수 필요",,
REVIEW,MG-MG15-S191,MG-MG16-S191,,"잠정 병합(역명 일치 ""함안"", 지역 MUGUNGHWA) — 좌표 정보가 한쪽 또는 양쪽에 없고 공식 환승 관계도 확인되지 않음 — 수동 검수 필요",,
REVIEW,MG-MG15-S191,ITX-IS02-S191,,"잠정 병합(역명 일치 ""함안"", 지역 MUGUNGHWA) — 좌표 정보가 한쪽 또는 양쪽에 없고 공식 환승 관계도 확인되지 않음 — 수동 검수 필요",,
REVIEW,MG-MG16-S191,ITX-IS02-S191,,"잠정 병합(역명 일치 ""함안"", 지역 MUGUNGHWA) — 좌표 정보가 한쪽 또는 양쪽에 없고 공식 환승 관계도 확인되지 않음 — 수동 검수 필요",,
REVIEW,MG-MG15-S017,MG-MG16-S017,,"잠정 병합(역명 일치 ""군북"", 지역 MUGUNGHWA) — 좌표 정보가 한쪽 또는 양쪽에 없고 공식 환승 관계도 확인되지 않음 — 수동 검수 필요",,
REVIEW,MG-MG15-S053,MG-MG16-S053,,"잠정 병합(역명 일치 ""반성"", 지역 MUGUNGHWA) — 좌표 정보가 한쪽 또는 양쪽에 없고 공식 환승 관계도 확인되지 않음 — 수동 검수 필요",,
REVIEW,MG-MG16-S055,MG-MG17-S055,,"잠정 병합(역명 일치 ""벌교"", 지역 MUGUNGHWA) — 좌표 정보가 한쪽 또는 양쪽에 없고 공식 환승 관계도 확인되지 않음 — 수동 검수 필요",,
REVIEW,MG-MG16-S158,MG-MG17-S158,,"잠정 병합(역명 일치 ""조성"", 지역 MUGUNGHWA) — 좌표 정보가 한쪽 또는 양쪽에 없고 공식 환승 관계도 확인되지 않음 — 수동 검수 필요",,
REVIEW,MG-MG16-S116,MG-MG17-S116,,"잠정 병합(역명 일치 ""예당"", 지역 MUGUNGHWA) — 좌표 정보가 한쪽 또는 양쪽에 없고 공식 환승 관계도 확인되지 않음 — 수동 검수 필요",,
REVIEW,MG-MG16-S043,MG-MG17-S043,,"잠정 병합(역명 일치 ""득량"", 지역 MUGUNGHWA) — 좌표 정보가 한쪽 또는 양쪽에 없고 공식 환승 관계도 확인되지 않음 — 수동 검수 필요",,
